f0,target,f1,f2,f3,f4,f5,f6,f7,f8
0.7322104004771106,0,-1.0179197092818764,-1.644175221344465,0.19913546752446898,-2.7668606715282613,4.792447799973363,-1.6452350174190937,3.901516612417701,0.38947953793540535
-1.3397863462465036,1,3.764836759947173,1.8315264580788924,2.0246432521483677,-1.0675784732827855,-0.8507595290011594,-0.6839620807834499,-2.19447832306405,5.772126324349324
-2.525471546374983,0,0.7029526316193677,2.811535699162832,-2.8852341407466717,-1.4404730905703864,0.26732681596557173,-1.274240066428503,2.674802237563779,1.8110384043424874
-1.5047543490207738,0,0.20771939515493787,1.58045670877297,-2.9111709913583175,-2.343100829634745,1.0343303663055599,1.0955867578275535,0.2839188282140689,-1.0905126158360385
-0.22841673790158734,1,-4.665896969454484,3.9722963206200657,-1.161579387297257,-1.4527797720816142,4.040229837669261,3.553817749260526,1.5305354656507126,-0.661369566784181
0.7921844125520514,1,1.7996102637332871,-2.4775383133275826,0.6750724201104672,2.7400023136089717,-2.272191255893838,-3.7120475353223927,0.22106692331165922,0.2679502874562003
-3.407433445996062,1,-1.6804303379428074,1.2218624044978412,1.3525701444607967,-4.367747936159635,-1.2633230946357266,-1.4935556626026854,3.722938277252772,1.5724750778047132
-1.6450594157933516,1,-2.3270174391514304,-3.350662381745861,1.3519621406919038,-1.8738359410436827,-0.8281498402828942,-1.227421171817124,-0.3783048730149452,0.1034841776262182
1.0987937675153048,1,-4.6978611809250905,1.8501964936783226,-0.9322053827995418,-3.1783993071854257,1.4636149873942834,-0.1035589441432132,1.9648237136252868,0.08280576378851512
-1.8557138722146587,1,1.735119416121147,-2.3437827933399955,0.8553123748409213,-0.8434445514188522,-3.2098467365998493,0.30012465902654806,1.6549541133602443,1.9753801954349233
-3.704862864672678,1,-0.01470391249366243,-2.9312261638550425,2.575460717539853,1.8303734347831324,-2.0815955562159183,-0.2172660673744109,-0.2619121987116819,-0.5305044031238819
0.5082398283740717,1,-1.0410794590173271,-1.3530927301273992,-2.5549847812606528,-3.1762774728299905,-0.5910252261091,-1.6815805400457915,1.1934598376849743,1.1650993231682323
-1.7904573595965598,0,-1.6239656699329128,-1.4602331181769321,-1.9409152228516942,-1.8104299175841523,-5.535555667171612,0.23194533814120577,-0.716816280504271,-1.4552665503633486
-1.8014497846049338,1,-1.5795107752127202,-2.563044048593677,0.4731223686192826,0.9330583598742113,-0.4221445533126722,-1.1912771533275455,-0.7046467831663183,-0.9512744111847069
-2.777400230318542,0,2.1143481078676167,-1.578058907704683,-2.0683598690325153,-2.0439922466363427,-1.2887950349575612,-2.477248422993445,2.933475581289045,0.7396263466388088
0.2591616916859325,0,1.4192628842932131,-0.3015454629900558,-4.44012008145281,-1.8827090526657,0.3717548953177354,-0.5320052591702332,-1.5537755221523621,-1.976163718011593
0.683013562531009,1,1.178540307807479,-0.6585924080365653,-1.620645520789779,-3.972797959678157,-0.32496861622797213,1.3312462076428577,1.1604899692452304,5.29932084759437
-2.3295706039240116,0,1.3805408956029048,-0.7454026810911616,-1.4192283580190441,-5.127079347328985,-1.2555477683437244,-2.284270719263635,-0.2893607075481559,-0.5234443383334937
-0.26871409182154127,1,-2.0473881268865126,0.9396117035014249,-0.20478339773838816,-0.4675256189438133,1.0802445195868966,-0.8306040321305032,1.477885904601665,0.17066966813944773
-1.4697221673796168,1,0.19984588755912247,-1.4357743261329965,3.075317809292711,2.49276843264364,-1.0005576084971728,-0.4794765533897116,1.641551676999508,0.05396191796357219
-4.207182952813675,0,0.8935761263144746,0.9452681059172232,-0.012080845181093203,-4.896380144276252,0.9702419945339038,-2.4125091909490273,4.338686783790285,0.8449844970374447
-1.2031096895335327,1,-1.4233197809571976,-2.8318122158322723,-0.7484442614356341,-4.159134525909529,-1.257860629185227,-0.07673363661207888,0.10218412528440235,1.884988669894924
0.730768714568764,0,2.455861195647911,-0.811937391644022,1.3185257456313786,-0.4153188544228822,2.5057384956025897,-2.4583120199647044,1.496314071695957,4.123524339750553
-1.5730623508879362,0,2.0478513575584065,-0.6347102236944795,0.07889997161630014,0.1267070709044471,-0.41009547524076395,-1.0653417388330093,2.34114654064979,2.9611889147426806
-2.816410064929429,0,4.781158976607457,-0.6791564947974842,2.899707418515002,-0.12730173806080947,-3.7146535411097514,-3.7289344004513336,0.9368203480520112,8.162197641746204
-1.5508589365151,0,1.1673200021579346,-3.5849399337056216,3.0368093776408163,-0.5804964094127296,-1.890311089907247,-1.2433591543366909,2.583578020295029,2.3534042769571886
-3.328847270528131,1,-0.9624837197176195,-0.6883216500732301,2.27970681074561,-4.266239364048694,-3.094676632228257,-1.0423195115235282,1.3462862506434703,2.6748973329391514
-0.8902121359338274,0,-0.2879236713290776,-0.17952732906265034,-0.8470266975941807,0.5572364751598073,-2.990959209946074,-0.9516136662725784,1.447023288633667,1.9037766075747369
3.112039876918331,0,-0.1138567633208647,-1.5513094749904472,0.13652228124296695,3.626138070543779,1.38834423443036,0.7507649926214621,0.3727041165543953,1.6429400213358973
-3.952237530818879,1,1.6070198732042829,-2.1043016235661867,2.3396931450539817,1.4435893848023076,-2.8716188235822484,-0.10543801374047224,1.260282369190997,-0.3630456766992429
0.34253136267101825,0,-2.3333851335624334,-2.6164332894940143,-1.5846199840289468,-0.8841157166153114,1.7957821469518276,-0.12237100723790584,3.8132788607313697,-2.9493238835621876
-2.4448400178127025,1,-1.3916903832895742,0.000969277468864771,4.930628187398249,0.550389553846121,-1.854406357756575,-2.6492423578477338,0.5642000323086155,0.25350339674248357
-1.1390567041062405,0,1.3827598933305099,-0.7736752860517679,-3.6537072334633747,0.4056485819738669,2.1013147355205963,1.313016526033393,2.5413389345576674,-2.822171839622898
-3.177164166875255,1,1.9737545383246715,-3.1299947899991145,3.560346840944274,1.3950327174919153,-0.42380971635398124,0.810309488534223,0.011811565427125803,2.624470751191243
0.1725644291576749,0,1.8874815897746962,-1.697449191761872,1.2018079719413497,0.8788086641119706,-0.07697935011862145,-0.11143688883173974,0.4633820039334302,2.5993649606513887
-3.0090880402910036,0,-0.21941136744347367,-0.3932008688246922,2.5184719943486877,-2.014255309481306,-3.6324921941040444,-2.4551433380125003,3.0309141127684462,3.695109890546823
1.168350126910875,1,-5.447777924653375,3.1167076845003114,1.0014113416561505,-5.234077996576975,-0.8127765869783333,-1.664242615631351,3.636100087893148,1.030862046986231
-0.5936364646413501,0,1.1455050906687676,-2.7299107177977016,-2.5011582628909914,-2.4701110653949656,-0.6767780940137139,-2.5135270816739705,1.1329536385594057,-0.1053063674665573
4.045283222591808,1,-0.8309578888877391,0.7314726503247551,-1.8036179183654615,0.08771772352862883,0.20667503422716527,-0.9643043149660857,0.6674380965369109,1.2097424863990782
-1.8407977684125512,0,4.901366284698997,3.4232530955009883,-2.3896093778640055,4.053596844388632,-2.4164701211090023,1.7407137991637516,-1.7265666824188743,3.9333674874559352
-1.9862706947642685,1,-0.6492499657459451,-3.575795232278891,1.0167402153844325,1.843456847570399,-2.1002466600909364,-2.14828238960162,0.4658994054731429,-1.1994291704580897
2.3406473872603692,1,-2.3212952000042186,1.2531449584020424,-3.237950443160517,-0.6389097609613229,-1.5831829546133516,-2.009984076417746,4.166678610391068,-1.8997075498645555
0.2573418642298364,1,-1.831814592920207,-0.8010007386458109,-1.106933064846146,-0.9961265245508892,-1.335847388537089,-1.8771599090024793,3.2634828879897286,-2.0066774575748507
-0.6658300696197119,0,2.3946867723188285,-2.3803880694168864,0.19586991267782894,-0.041719003738643456,0.9573700272761472,-2.605169511881838,3.4875337714870853,3.672644853434559
-1.0473742520252134,0,-1.6788524224564036,2.4969479211021812,-3.6794180256665077,-1.8312524024497467,-2.568225427949514,0.3277374248219631,-0.9338336704542085,-0.7147243842288966
-0.65366045787761,1,-2.243741922887943,0.1694128151668992,0.7122609487185606,0.1158167956959979,-5.077954605366588,-6.448121603352281,1.7305372102748382,-2.3650629020824594
-1.5739707316110794,1,-2.5647483943944405,0.7224182120070659,-0.5221893707530645,-1.3513231812242315,-2.1667291904210053,-1.438513594612874,1.864348466906453,-1.5283907699931105
-2.197715761447821,0,1.684908459109685,0.06148312940839551,-5.130086733197421,-0.8732073982208479,-0.6131557137654685,0.22373622857619524,1.342389361157224,-0.4725126482855393
-1.7859007725145646,1,-3.1077352408707943,-0.7036669332116419,1.0701176250103845,-2.4703353918441624,-1.282201600209758,-0.5620723456919738,2.1511839131510797,-0.0733678982285153
-3.3904614544052927,1,1.0896294384068024,-1.5838367985280557,2.805806657247704,-3.2960451278439225,-2.9346421624696815,0.45326349007413747,-1.2284942702966886,4.743270985161002
1.5224237764452062,0,1.80300660358847,-0.7207997631646226,-0.25499657640368234,3.2620650649661105,1.5251890137552082,3.7269391230553417,-1.3435384153862113,0.7576304832577376
-4.382893094272344,0,5.092469164165872,0.8528161776278047,0.430021706741329,1.672674953169925,0.49236169528420337,1.4094761050629363,3.5909196427226218,2.627457256734276
-3.06159310165918,1,-0.08455787876078724,-2.295704571334424,4.781480694688261,0.8712887920074506,1.0553031758849065,-0.14000626504984548,-0.3728096401729033,1.7083733034284998
0.9538191443318333,0,-1.624232120970389,-0.7875697982356403,-1.361094902847097,-4.09041544113826,2.109938680031459,-1.8047258232511711,0.5633239880313144,-1.9792603091537235
-0.5195986988275882,0,-0.37114680195492933,1.577153415200443,0.5013588607498431,-1.2605952874296922,-2.2531885002582714,-1.4078918198792618,-0.4977661527636845,3.7797460103766776
1.4976978385511805,1,-0.2678668166831981,-3.1090309835834002,-0.19010386621437592,-0.767365618073993,-1.325327304135636,-2.504836537952328,3.3684921222295454,0.7067144616512318
2.4379077667728146,1,-3.46999358024096,-0.7709994219085952,1.6506887878307879,1.955657863893682,1.831586315788845,-1.2737868489619686,0.7661758087485397,-0.9739431520518091
-0.3704336486114119,0,0.49346904883640963,-2.444363793730662,-2.211032137958875,-0.340111545840314,-0.4302985187085717,0.9277271672274434,0.6427684286010336,-1.8312735362516124
-0.0028894391251301776,0,4.3059449505749345,2.614021725749095,-1.4487796551529735,1.2637084276897976,-0.2885283645818226,-0.45796152725208983,-2.6754787861710763,4.30586337454212
0.10327671352645162,0,1.1162664027378821,-2.294828885836719,1.6566305291504175,-2.2502736643610977,-1.5488529513503018,-3.633691512611888,0.4523409522837658,3.710031601945852
-1.0026676835022337,0,3.0064085499858058,0.09156071334162541,0.1798809499292109,1.9516115394599565,-3.2748827369203837,0.30555346689439444,-1.3305668727281335,3.202509811322237
-0.16905803936516328,0,1.318521842088169,-2.089054191394471,0.02317782889256792,-1.713367952802199,-2.624637671838257,-0.5756260023739636,-2.4173809278509957,1.2815499228604594
-4.539860013445568,1,0.2673532005571244,-2.884172496055089,4.872159433660118,0.22730049606862068,-1.2973235048337297,-1.17071046365346,-1.196083783376611,1.346755248067255
1.7497655865019675,0,0.6956783554901245,-1.4732740515921747,-1.147303995313584,0.6560522850786552,-1.6762236203452112,0.13128480169505918,-2.6796700326358556,0.757240853777808
0.3003765534687859,0,2.2779471109003544,-2.757418592930805,-2.7055098038783036,1.0239224520958632,2.9902127028421335,0.13244125778300941,2.929674782531321,-1.148612179426526
-1.3478280978444066,0,-0.4727648034551679,-0.6213811236527387,-1.255174606836734,-2.641864646692709,-4.439811357895572,-0.5251443940490679,-1.9628728360664711,0.17920337622782756
-4.83617804763727,1,-0.05201478903725798,-3.5154439296494178,0.9200612903917023,0.9956356433009161,-1.430945156465151,-2.662422382868854,-1.0739480443511416,-1.9147899526420016
-0.8180561785849593,0,1.2350541044645267,3.0013160557856455,-5.244005979319638,-3.059785778301134,0.9874520894420633,-0.20885938563752182,-1.965988039913781,-0.46664856458845305
-1.1850295771458934,1,-1.5044691414673275,-1.8552283524065944,0.7367035167657185,-4.8642448962696365,-3.125610722959741,-2.303116120423166,0.02271748400629603,2.725897985481338
0.7238392955271982,1,-3.1986322266639795,0.4241900674446333,0.1341633811430375,1.6087821191139673,2.6743886729542665,2.802858800442011,1.3143048799358192,-0.6758083055029993
-0.6849107347506822,0,1.2969280522549353,-2.5392970940296413,-0.6662840232671231,0.6479297274185649,-2.8660786315546316,-0.7066575974216397,0.5975953995577685,0.6079633987333577
-0.8882587125209052,0,0.5803971318073414,-2.065630537290673,-0.5829438989558868,2.0337053506697935,1.4453605533875153,0.41956205222506515,5.0267375897606525,-0.03944937130082282
0.3726325909333068,1,-2.144543525733832,0.8166355097604856,3.059540783316166,-0.007323381990718469,1.8381682959239658,2.601763744264648,0.8444710632080215,1.7035411014826378
-0.41414028610333165,0,0.3151358710742671,0.2784082264234271,-1.496559787469415,0.14268849051467614,0.8398204985425419,-0.4457066882778411,2.2814361654535067,-0.5331971369509092
-0.11737518018324511,1,0.010595570428212575,-0.5152601059742627,0.2005386995315005,-0.6799568475811384,-2.1373451201561364,-0.8524585731055897,1.9206408087603257,0.8215825910569421
-3.909382077518395,1,-0.036205518291549166,2.3252292045798044,1.3783012605996463,-3.4803892411198945,-3.2375891151436544,0.10004276337113582,2.277218633733879,1.9500388963153523
-0.5028275602850502,0,2.227617896520753,-2.024852303891811,0.27636058414694364,-0.2628993144638292,-0.6575026591921636,0.014950404379576732,-0.01837792744489608,1.6562110277181026
-1.6285679741726702,1,-0.9496222187943699,-1.79112406195713,0.599910732397282,1.9121517345703962,-0.8342854919539333,-2.0151581832669696,-0.07836089067546359,-1.4680909208750719
-0.4491452247004615,0,1.0429681984770793,-2.7734507480041457,-0.8197365754349315,0.09746143139041963,-1.383970022279581,0.4238051773606262,0.4273005277325287,-1.5928026283718517
0.5479518831309007,0,0.4225581142454282,-5.86752518495485,-0.2693310476530174,0.984046241965334,-2.1774585597569436,-0.876439156675143,1.8417381982867804,-0.7288967360185721
-2.5926379761848826,1,-2.9337535504218772,-1.8776739638680673,0.9444998168693859,-3.4053457540517345,-4.131414683098242,-3.758160851922807,1.739218711688615,-0.7910988000300176
-1.7810905211686943,1,-3.070496712433318,1.3402856839204693,4.623646032277676,-3.8135543789569195,1.1086341860536848,2.9417119923859034,-0.5071736833919944,4.375983758969001
-3.8834834649606393,1,-1.1416316361627308,-1.1389982269252916,2.5631022302324467,-0.6247690516352961,-2.258583156501062,-3.00134900257645,0.723631484219555,-1.1811835559523844
-1.5639612955855244,0,4.404692129950397,5.1482485219985605,0.05648838950410329,-1.4309964685833172,0.680323998828801,-2.559984823616185,-1.397161917492717,7.648695613380137
-0.09640086589339614,0,1.0147607782273822,-0.8168858920683342,-2.966506667543582,1.7970332099708197,2.5328732690406603,1.1780647672969646,3.0728082291695995,-0.5316373201482429
3.627939644433181,1,-0.9915598979418893,-0.8045998985693834,1.078155246125312,0.10157021681827749,0.7664193409261078,-1.8235222200490115,0.04434307423089223,1.8500517173548212
-0.12572305331254663,0,-0.817515061850548,-1.1410805396229204,-1.579045947194637,-2.0556340085305056,3.399112705046397,-0.9997044417749013,3.772000149287542,-1.980908875275912
-0.4919421614627839,1,-2.460273320830802,-3.2708191677122755,-1.0637424409409242,1.4128809982244723,1.9293011753909797,-1.1001491331599598,0.584379985612629,-2.6109141080310354
-2.5668159464212366,1,-0.134359901739454,-2.639081798878685,-1.390750498316033,-0.013597173726849543,-3.228540262154521,-4.81240117256511,1.4867022436283843,-1.3298792752728246
2.5694981945927546,1,-4.469262068821363,-0.38691501038500153,-0.7833783749993244,-3.9467486947986394,0.0022869223778121395,-1.230038268870193,2.855899154238061,1.2884287317969552
-2.0851764913047734,1,-1.1416670439535161,-2.396509092542486,2.4262211649202423,-2.477164414922279,-0.7053805222301355,-0.4593841520824592,0.3788848135392864,1.798301370993111
1.5261726441590366,0,-4.411635786840539,2.708297731711475,-1.2264904285617464,-3.804882187159332,-0.23078980996176346,-1.3087500980090352,-1.3052242001227734,1.000613702479148
-2.277980742779321,0,0.29415118207481306,0.9620609595131773,1.3059188837665383,-3.024750553869338,0.5993460305789484,-2.829999528359757,3.6134105476701346,3.9192524218177347
-2.1540773229249903,0,0.0062478560823385765,-0.23119164511230372,1.8313198705257916,-1.751836874987995,-0.9644938880415437,0.9520265484687183,1.3091483501722925,0.34570856171330566
0.39301399180087504,0,-0.12135560386347999,-1.217812575758735,-0.16002340594776054,-0.16242184307701346,-3.9119755142771044,-1.1695448658826568,-1.5212167870172966,1.8698614906213051
-2.1791035052697985,1,-1.802906892529447,-2.130509192922168,3.3707128864403213,-2.2638361008124566,-3.42349585187324,-1.53836086666638,2.1657576538111583,1.0733247830158599
-5.4721267322758935,1,-0.5848752296641133,-1.0051955881858496,6.671087469131506,0.14358942798169472,0.39171420216079955,0.6746896707941432,-1.1520289330514366,1.7010106591486482
-3.8401692544437087,0,4.065762885962327,-0.7986855238526818,-3.4558083560529393,1.1469108635215997,0.3267019396878377,-2.186619571300146,6.385330367441423,1.5902193743797466
-2.3378319509974643,1,2.373584293723043,-1.3737168451937043,3.4025827432141273,-2.5078264606037197,-4.821259635446694,-2.046113315623324,1.2650159037799575,4.710648295583999
-0.784266022254767,1,-2.5438094578040364,-3.2844585589979474,2.4294494102613347,-0.02669320186095825,-0.3031164350736343,-0.2466745261799741,0.8024330978570261,-0.5135636062360207
3.1369348227985743,1,-1.840080497650243,0.4294297633540567,-1.763894069473305,-3.954729825452233,-1.7128589069196003,-1.2443677834649804,1.9633572755636806,3.6322213261235423
-0.25020990560677214,1,-0.2268999975452155,0.006409010244073032,-1.677947796579479,-1.7613261662650623,-1.8964115296557542,-0.2737292678837091,4.165466734150564,0.4510441109888529
-1.9694225454144134,0,-0.6057869252204398,0.04548103290745731,-4.406509398030548,-4.979149870588188,0.5159500130564054,-0.20048060289334713,0.6972791107587473,-3.335470442495512
2.551315982550758,0,-3.5902081711027423,-1.6644905822044787,0.35697996144394817,1.692419521331329,-0.7480440664824332,2.0787801548465943,-0.2649998080924343,-1.1096955420512584
-3.383084459361597,0,-0.017105881819531543,-0.42021896490806887,-1.4364373237701606,-4.768451930897773,-1.6742275910646345,-1.1351977344171469,1.7882705955629812,-0.08560286838307118
-2.3402990540441486,0,3.9472240467251596,-1.396458052444907,-3.1063154782632827,1.166825679214794,-0.5871128839380522,-0.6055381428764312,2.5274698476779673,0.9816279713743742
-0.3940603798630937,1,-3.5259459321484385,0.4741198264815547,1.645419504450621,-2.435201272514618,-0.704718780042781,0.5994562790877929,1.8574349721910126,0.7154728639783899
-2.5718710292995395,1,-3.058088206524957,-0.7099366054060517,3.0414205696062164,-0.6242056483008572,-0.379927270604562,-1.1936070846284919,1.9988437889937078,-0.8414421076906384
0.9249937137908006,0,1.3379109712465904,-0.0864931875502275,-1.3624308656237543,1.0917517233741276,-1.6127695130470188,-1.0964339909982732,-1.1152302409448533,3.3962223981458135
-1.9927610889129992,0,2.1542678178420394,-2.386246567853738,-3.3593295969566266,-0.49741785082123924,-2.232257331694095,-2.3277848768754485,2.436461854590768,-0.9129106165744969
1.206410899415948,1,-1.4465977108291277,-1.6534740930156036,2.644571653436762,-0.41576561180216154,-1.1606167593817749,-0.7039346625796028,1.1231839312720495,2.959498516376704
-4.07282186592758,1,-1.4900043841371753,-1.0924997168378159,3.997873088668303,-1.646477817920543,-0.3648319053749737,1.8926635092349064,0.07598928348050848,1.9984582395728405
-1.4862345920789162,0,2.128669678697785,2.7666798338398273,1.7963969084584264,-0.5828305937872782,0.21031009670024492,-0.6672692359085728,0.4074272214112167,5.490815595536661
-2.406985818427659,0,0.07107327881790393,-1.2592847916695944,0.010089038714969911,-3.676758801665114,0.3951921528236171,-2.5520934837899913,3.909566290837394,1.4229680494380212
-2.3365171574055243,1,-0.5833555550952233,0.40108191243514657,0.20539079552622042,-7.793166464724542,-2.672633748650931,-0.63695521447853,3.7045885282928217,5.66295678851936
-0.8292029746902341,1,-0.3467904727425354,-1.1803865994190952,-1.906968759941404,-0.04430563282237088,-2.5017912214217395,-1.8529460689786166,2.861583444987667,-1.5834606907737707
0.30721896669255555,1,-1.6456975449724487,-2.475639831821425,-0.03002721466217162,-1.0713532821341625,-2.221882702917447,-2.423973423163443,0.09250329182149941,0.7708112947102757
-3.3344597595898167,1,-2.755207186008903,0.7793736356622656,-2.052554113630345,-0.8857925193076925,-2.41261367818193,-2.773745164753208,2.9632279970022783,-4.509091339504671
0.8652964075280813,1,-0.10455569933777098,-2.0053399456945558,-1.1839276978818758,-2.9182975479888174,2.554008726694126,-0.6763985915649984,0.5877523738621834,-0.24027957376046438
-2.468461817653082,1,1.618781794230451,-4.189055268807342,0.3215259225454371,0.9277328578507538,-1.477294594957482,-2.3801545286278634,-0.25610688285433025,0.03334283225190282
-3.1739981916147606,0,2.837446274100143,1.3687055023268049,0.1608426024901688,-2.598014568644026,2.685893238608223,-1.128328408577003,3.4148441356744064,3.224877295900846
-2.9195677437345857,0,-1.3616960509296692,0.39548233893898455,-1.7223694519253994,-5.071712061495292,-1.3846842660168244,-1.7944104692321357,2.2257615159498734,-0.348518988018129
-1.676406078234196,1,3.2127266800348595,-0.30929449096154005,1.053873282300101,-1.7664270813168799,-1.094491135401329,0.16281543867206594,-0.46285717216429223,4.6258156252177915
-3.518339344359288,1,-2.328445361894735,-2.403704159169317,0.8186634173652662,0.6533248935231959,-1.7972870780501453,-1.8759675708737342,0.31469066778908794,-2.987555196378053
-0.18411429246145816,1,-3.265886501584624,1.1806719883089443,2.5989601583760695,-7.177080741861817,-1.42232547587518,-0.42950286730588094,2.7297466605765806,4.661577111427755
-3.953230982453911,0,1.693364023405478,-1.4573634333990353,-4.438790870948729,-0.9480441523247234,-2.7308585761009256,0.4822330661087628,2.743035686679943,-3.6432034666596262
2.057693299147298,0,0.46919540974627394,-5.985937013913761,-0.12978158543437734,-1.4156727653767316,-1.6653688488528118,-2.147943425093588,-1.017912836023322,-0.07341911099969978
0.8179076344574923,1,-3.328433726171312,-2.446909247213295,2.819311868917622,1.4977644318405394,-0.7184873387252928,-3.955699052503631,0.1457875957318101,-2.5193094974810535
-0.9288286292092149,0,2.5701821091521926,-4.860377232868762,-0.9859055428995123,0.1967431563852775,1.073452342477816,-1.4280411707619791,4.230989781990557,-0.5418393301001752
-2.415710808675443,1,2.6005874187386513,-1.138836113775516,0.8223831370357803,-2.9130380154176403,-0.6399908162107041,0.03861164241333248,2.3698683058201775,5.068570129352969
0.37498242911047086,1,0.5877881173243089,1.8918174963774566,2.105162854595193,2.2687972140874755,-0.006642834549845267,-2.13566999878784,-0.4563973980414704,1.2871574349461317
-1.536140056974852,1,-2.5000878127447654,-1.5769628120340746,0.5258528487338641,-1.9117666736076382,-2.976350299100471,-3.14461080048122,0.5470970765157592,-1.5767540162070892
-1.267420799401154,0,-0.030859417755406238,-2.624985097392323,-2.0927233940123666,-1.0142648327058152,-5.278117828722609,-0.4118273251843384,-0.9605611839834745,-0.6744400778642334
-1.5949353256994465,1,-0.04756358600994581,-2.2842455051978634,2.3655678995431346,-2.6015587253500185,-1.7615229800655825,-0.1740537993815955,1.7876466546262866,2.751740573361257
-4.029078930910378,0,-0.7121285031808866,1.881919602792785,1.782098596156625,-1.6845652477210882,-0.9062414885344164,-0.65331597061859,4.880907900594555,3.3838904004628825
-0.6314195509410057,1,1.0441546420464651,0.41110106054384166,-0.14438727021918019,-1.7606034626411171,-4.701751482403485,-2.5993299273673727,3.111746810179632,1.6875019131274729
-2.8054915232054016,0,-0.052669473016950796,1.8261170799303712,1.165315201906775,-1.4385325545923044,3.0318068364504,1.2978789883706483,4.487649819335136,1.8524749760725492
-3.2024524228120343,1,0.8804296706963464,0.18866862469190537,-0.0670395246580473,-3.5947366492506414,-3.3869508317048074,1.25259286920025,2.563353041026165,3.2024532465968387
-1.0915167577693317,0,-0.7911156136482209,-2.2979754313706273,-5.630214811436282,-2.966865374265828,-0.23122730446198625,-0.49594546951135676,1.6950356940188356,-4.006828299299576
0.11843545632918939,0,0.35225516660232103,-0.09500412520583756,1.3801216734836297,-1.1703704826057941,0.025156926600250484,-0.9098095275518758,0.1624987251545278,2.9170961262755006
-0.7821554179486875,0,-1.9831711640291463,-0.8910673427054494,-0.7139781967164924,-0.5415063464038946,-2.622166954509882,1.3068429284538796,0.2602694613990473,-1.2739553492934261
-1.7097327690764628,1,1.020560105441593,-3.2241541955195134,0.4983796037302288,-2.262254668691202,-1.3904908789899593,-0.6004434930965549,0.4179037710754556,2.2665959736276995
3.2205609116782696,0,1.0190771597955601,-5.610331170364953,-0.12294393114425906,1.3944460913283883,1.6144571960195204,-0.945701803217174,0.48960449931569205,1.3142662640478306
-0.26803059882115865,1,-2.3251944050588236,1.319560549069911,1.189282487312627,-1.3390095352345792,1.356778389691061,2.3314151154440976,1.7511845554520127,1.2189150977715153
-2.6471658339794892,0,2.199079770743251,0.25304863784782494,-0.4869057773603973,-3.6838056502973866,-2.2920337102723365,-1.7962567449734765,-0.6794777825063767,1.8902246805125786
-0.5290851807350201,0,2.5738886962160747,-0.8494649296494543,3.406117019902471,-0.5137943071420705,4.581277634153543,-0.9520032615816731,3.604573893479891,3.3241666230805618
0.4553449972758794,1,-0.3494602974924591,-2.0784492284467104,-2.178110152857033,-3.689802806183181,-0.3068469899861189,1.394830859980817,1.4256346705779435,4.132450027242958
-4.896258833305252,1,0.2540163069884751,-0.05753038345385009,2.519422409452618,1.9125828169645125,-1.8495021352330812,0.20849895182782285,1.9321914620583174,-1.4461125227494613
1.402903562157054,0,1.033710631649644,-4.0564372445769745,0.9088625664104921,1.319128608463926,2.102098082279029,-1.4850972953402612,3.4042665331578097,1.9323917960709696
5.09745935017909,0,-2.5690920049418873,-2.474253224159513,-0.3474437867872231,0.4054804997856667,0.2636300942238443,-1.787958998570407,-1.9567927320713854,0.6685464411507563
2.8026301881149265,1,-3.783082367266548,0.7193397519996556,2.0028518262131585,-3.398509465281095,1.6463779493133144,3.103629569111548,1.9172130496378637,4.052349206089582
-0.3675548751281429,1,-1.2563830316181122,1.2618515617107722,1.398210646143042,-1.2161022594036215,0.8541216577057811,1.6645227846887574,2.4019080026504533,2.4846979144418073
1.9647336871452996,1,-3.663481311975379,0.9549522862312712,0.6471828548112203,-0.4655310316404987,3.037592742551329,-0.13036657898813986,1.9155885169059372,0.32653141900692517
2.1545474689063804,0,-1.3468260363107154,-2.606896074928767,-1.5105039840194687,-0.7460789278882107,-2.3645198903260436,0.6966293650234856,-3.291071049519645,-0.5147638520928495
-0.8177116017399425,1,-0.5682322250360256,-0.4192319945085696,-0.7319349255566518,-0.3018759019882272,-1.3256245150312214,-3.8122853594025967,1.87655322312412,-1.11315223572276
0.3606116306711795,0,3.4551015091609,-3.861378901670074,0.8231828937533083,0.15942062181080896,-0.3860124046883062,-2.9369165298974096,0.9490876402206603,3.78752627412557
-5.071152744932542,1,2.4571280124751174,-2.078806975373516,2.0756750367555172,3.5395822019659278,-1.6160268764780537,-0.7449356534376033,-0.9680242977434657,-0.8508046800983076
-1.9790034243205936,0,1.3818486154822787,-1.1560144316107281,-1.3600824962719853,-1.7080591905690952,0.5438999428271163,-0.07613243414782822,2.024046749961218,-0.2883416382685273
-2.6602465744559796,0,0.5573020279644003,-2.7298747642630263,-2.7622820379831308,-2.0472770949733854,-4.847854962531548,-2.272910390800592,1.4757112869040774,-0.8029676125224818
-2.1260237349330513,0,1.683144052130503,0.3976816100906324,-0.5607538277042645,-2.813982068607725,-1.1953072263523215,-0.40805923285062273,-0.5900105230897399,0.592087428576604
0.3762202054836967,1,-1.1985285567844968,-2.584027841930379,-1.4169230489517393,-2.3644680243077447,-3.1534373070955874,-3.083514029597695,0.04549861167145308,0.6069546313495054
-1.4390829558714717,1,0.8167046852186504,-2.1858323795220578,0.5530485593728582,0.6282149848644221,-2.413205338906001,-3.9499134880944835,1.5837008144554272,-0.5192563524229066
-2.5015871270442367,0,2.507430844733264,-1.601209944157317,-1.4040430186376287,-0.30672155291722336,-2.5901341788955277,-1.7645212905002992,2.2579066686667577,0.9412518686245878
-2.4404292311971263,1,1.611002080882936,-1.5761126746576166,1.407067694659161,-2.718877916879773,-0.3696071534202191,1.2156509470142165,-0.14178163532939303,4.5406042883443085
-0.606558606478306,1,-2.0754724519239405,1.3729085815123723,2.2591630209755014,-1.7821739797070024,2.0816102959989204,1.3735381683685697,1.5769583546817771,2.211213282771578
-0.8688545600351997,0,2.6035202418160917,-1.9961596526810221,-1.2946929603770136,-2.158809107848775,-1.2461574223626766,-0.8740130310340157,-1.4592848024209482,0.7974915889878529
-1.1708336653921363,0,3.5472346455934898,-2.318896079434422,-5.76666320157113,-0.5564201715535955,-2.1454697026293976,-0.9073103433277997,-0.6868989010494557,-0.32875387987919513
0.04440624416269601,0,2.7588829284874983,-0.9439654007144219,-0.08202280160324826,-0.833518446488835,0.7725605194816973,-2.56490739573347,0.7449491716920054,2.766708305952081
-1.023766366271947,1,-1.4054198174916896,-2.66614746040898,-0.5621213497317072,0.287213121227069,-2.7754892808484994,-3.1000950041729083,2.0048742399799586,-1.89579850473265
2.1496268166093326,1,-5.775097823988438,1.4157109857540715,0.20373127881039566,-2.2189306620025793,2.3935649357230364,1.0900571613630343,2.1322675657786165,0.37264345825046474
-0.7285902269533688,0,1.7619920874550399,-5.822607907913692,-0.5504923134693961,-0.10158172767971485,-0.11672031906588065,-1.0123859333317815,3.4614351298238484,-0.8835860067646439
1.0377583129221133,1,0.37671519990701685,-3.3203857516006385,1.7254312592985706,1.266879752542145,1.3832265574707128,0.5352020410644889,0.2265421793065323,2.5993388322297086
-1.7857967734995444,0,-1.75760060457063,-4.2235817287454775,-0.008004739932672145,-2.81369606278456,-2.620035074729747,-1.2216558472095072,3.1548525525981903,-2.8791481686489235
-2.836488981776347,0,3.627418589790575,-0.4375112169420776,-2.336320455700568,-0.7619875450436631,-2.116368342736391,-3.5429589565606396,2.4384131473361013,3.6072021991528027
-0.6775539951790848,0,0.041490656729725295,0.43985922557188806,-0.25371105086280143,-0.7119469019169404,-1.0843437535234015,-0.8224313876554556,0.7884361900254737,1.814475187571168
3.363713022135003,0,1.9711942147502448,-5.417580786793304,-0.48760088023470216,2.205980594696511,-1.4162796557722188,-2.425802889983373,-1.090978913459173,1.9518725830700736
-1.4148519252123513,1,2.211997488867574,-2.057945334035243,1.2763851379838589,4.547011018141921,-0.9743877927409039,-1.4609543901850992,1.255696041123512,0.21190009614820637
-0.7784768844663733,1,-3.412251415320336,-1.5788641362059104,0.6119036488698631,-2.9534798305427157,-0.7137514683855356,-0.8636564156453462,1.2355952725767858,1.2049905383743904
-3.3216907793881703,1,1.559363441745314,-0.6081029649903618,-0.5812009270361043,-1.4892059312641213,-2.8154446631006405,-0.2970989740325207,2.3660471890996417,1.1235198609636436
-1.8816309318100641,0,1.8145318654129698,-1.4566674064582426,2.72705924540333,1.516652608956647,0.13590056617342317,-2.3961836522276734,5.725728837182081,4.569714328935569
0.2306711866544371,0,-0.5407874324193513,1.6835861028414913,-1.9092638630960583,-5.017035721845658,1.4022559985746494,-0.6942185603388674,-2.5344761375958034,-0.21610585807638882
-3.906235894827354,0,4.0303490997136935,3.057899688157015,-0.3403016472446698,-0.4555639900438625,0.728649577484092,-2.6861244992108695,4.259137575084914,4.889457828218317
0.724595012361235,1,1.1801197115182451,-1.9431303202898889,-0.3295376978027593,2.0116775067155133,-1.9634193286770838,-3.116422964621371,0.7236635491036691,-0.3002144478285462
-0.21253496474978184,1,-1.5950909077639346,-1.772793929699728,-1.0210872849110388,-1.6377439028620653,-2.8956352452416754,-4.392936302433734,3.0394147310046393,-1.07490275615343
-3.4621912313858676,0,-2.135265938323594,1.5504777802114846,1.7032753109748282,-6.040783633675162,-2.276940321392077,-0.9328710001318804,0.9991015228686859,0.5041321296220195
-1.8519202850722034,0,0.6988597326271339,0.20433690539845295,-1.5357983929536982,-2.3662946368654447,-1.5192151416201942,-0.5206981489326654,0.040966528817549586,0.43649803105004914
-0.9854191573973857,0,5.122178291716035,-0.16363001221866802,-1.8590624647044054,-0.5194733704420771,4.322396296093494,-3.1410477667360146,3.4113087391375654,4.179930976601661
-2.1499024986621946,0,1.7167681967523678,-1.7286482456954315,-0.8474601021290828,-1.6697571048188142,-2.213938204377843,-1.6394480384406402,1.3665243571646324,0.7196564924759552
0.13894763932275378,0,-0.3627001701742001,-4.119424685960435,-2.0775467685015023,-0.8098258118879742,-0.7304022469783287,-0.0731313536380882,1.2009964848756174,-2.0707459167629505
1.295885491082037,0,-1.0524602856670602,-4.118245858012634,-2.402983337757176,-2.835687717292826,-1.613901987048203,-1.8472412158212785,-0.7349416341793442,-2.6642335894810896
-0.4794820220724838,1,-2.0259320916858963,-2.473416003859492,-1.409960678962355,-0.03835434847486274,0.6715397198199202,2.044351653388389,0.5447157806514143,-0.2196189272022
-2.167977449343474,1,-1.1482960165522074,-1.1695738923891459,1.6702369563682247,0.5027556073211747,-1.4056232271269926,-3.4770066476143064,0.7996185157374783,-0.6646073537780861
0.1510293588883791,1,-3.46223693723267,-3.4830544618895836,1.6797628660380075,3.324158348423027,0.05255073981674574,-2.4003931011457773,0.9149271514490366,-3.7784162445220497
-1.1917054689870037,0,-0.9866609791756003,0.8484638960077309,-0.35659343954681577,-2.086620440239186,-3.02774799503876,0.4031511409926587,-1.474448390551622,-0.3988410481954978
-1.7024963419707002,1,-2.1104919312566084,-2.9645972127381173,1.026720971262061,-1.8838269025820822,0.5288317565463638,0.5262018315385895,1.3132869619608707,0.1872592831402391
-0.053194361331168505,0,-1.7782476244520211,-3.5104766190553467,-1.3339976795697963,-1.103739355784403,0.24206975383184526,-0.3492332437220773,3.2055538741626712,-2.848295269877984
0.09458553900014288,0,0.7290393640638897,-2.244822369257829,3.01192931652972,-1.9215267004715106,-4.125975083656363,-1.5681951326400667,-2.718534412584985,3.2743516259550414
2.358476618421697,1,-3.2550393430315223,-1.3806196723802766,-0.48871846704252087,-2.3872831074296803,1.763791144215908,-0.28787614535959105,1.6999326182394898,1.2466981844427312
-1.3178187161409713,0,1.54257013293221,3.189455378419763,-1.2046598965190642,-0.06842469126672346,3.7618405465258657,0.06098265273993153,3.0463253777240435,2.0304072401959568
-0.49783169775041447,1,-3.400932670343525,2.0379863072630586,0.16170263388114614,-3.8169119144318584,-0.7968591532734366,-0.25448100549953734,1.406300014209313,1.3172011629884888
-1.8201070054887234,1,-1.3463520102120725,-0.806505935403772,0.680612202722889,-3.1127710646411315,0.1582711689226648,0.39341738885100086,0.7620815895777323,1.847041157615094
1.3868757083485463,1,-2.1684114975405206,4.830919579818056,-1.5349431544710264,-4.452301196522143,0.5442755135729902,0.43156630143465424,3.799108951811565,3.0262746571724843
-0.8727851133753463,0,1.6995354702318648,-2.0710293612847734,1.2418008801922658,0.9482027557249655,-4.026064763834407,-1.0252816633536488,0.007923163640413677,4.072596584717685
-1.010723908476968,0,1.7092092566329997,-0.7973653513040112,-4.267913138012063,1.3194169523972064,0.659744661533527,-0.3039580185488592,3.0322893583096358,-1.1857411956210995
-1.981822918986531,0,0.1796827736900808,-1.7662290241875274,-0.7569111443616492,-2.1538559390828276,0.8473438085285805,-1.0596584600169496,3.904756961396834,-0.37664322665444283
-3.2694711804285532,1,-0.48341666665237515,-5.1656693967007055,1.404023412888473,-1.2434025263766826,0.2963544617362184,-1.9686112474159891,-0.7503797322989767,0.39160470255808233
-0.02773860778371584,0,1.64602110704204,2.2749229609553794,-3.767821310862569,-1.8026550081661208,-0.5675242175192639,-0.2107001970837561,-3.139332272239767,1.1698333725724839
-4.4813959276009765,1,-1.2870335738353151,-2.923757783570385,1.1037722223227056,-2.3011482052284102,-1.5103777136767254,0.8517400540138269,-0.19307922506695663,-0.3467936359846475
-3.024034471633221,0,1.4989911231103226,-0.11828636949485738,-1.2084831270735248,-3.5032285062057564,-3.404150665174995,-2.528903780552358,0.5616968937910067,1.1232781420026143
-2.5790337776800434,1,-2.9876146512348405,-1.913524753882452,0.5189600863102022,-2.029110187718847,-0.1490503088267816,-0.9654185106563113,1.7455325388273657,-1.2810205330397868
-2.8089240386510337,1,-0.4496780275995702,-2.2062827585570655,1.578963413550163,-2.7621101333476505,-1.7008561678740057,0.4759803088205121,1.1409857177267044,1.9055004128407655
0.6442241935454698,0,0.9897708087071262,0.07419907730323794,-0.1498477663297625,0.5014124203052028,-3.0437663626559717,0.029182284027198913,-2.878182196062143,2.920646638622415
-2.3543551153161815,0,2.860961116713071,-3.1533155518894196,1.547621420160553,-0.8325507647960018,-5.810675965622623,-2.434873371831014,-0.07681121611459685,3.9993823597692635
0.8791729553621848,0,2.4137433250256155,0.8743080870104665,0.6352668660103085,1.2158698844122422,-1.746850046238766,-3.159952653321097,-0.6639963651632788,6.124344702124358
-2.8913507057046024,0,-0.3474999149271383,-0.4546913287833483,1.4015169050086396,-4.310791486850395,-1.8442096245595967,-0.832606684832988,1.1864638823104978,0.48007067378053625
-0.943091878013665,1,1.9494429026579585,-2.169087286248323,1.590359816059674,-2.180543081168423,-2.6677797861163053,-1.504465563415283,0.130739777054101,4.1913042227564485
-1.8495895601500678,0,0.7165031434038351,0.8733040133163994,-1.2041471412268063,0.4083925827529622,0.40713828351887527,-0.11060404636603671,3.358385602168909,1.2647316340157386
0.1387776543932766,1,-5.2207646166639,-2.472173828068566,-1.0337781563354866,-0.4033524828873203,1.6775282819683386,-2.4557922233685514,1.6990393961107007,-2.907002091267737
-2.6107019822453608,1,-1.7367831123636925,-1.8186507378038432,2.0511174094885427,-1.029776313117242,-1.094292324381802,-1.5275519400830846,-0.16420909775880155,0.15081409091125697
1.0766605737759671,1,-5.16471619683013,-0.7723830567232497,0.4873493778131366,-1.2915110838369865,1.2155503849034055,-0.7073125345740336,3.7357897983996757,-2.3452822853768955
-3.1296649480716505,1,0.7370610212197242,-1.291253321722315,-0.22014466778991437,0.8087810281059393,0.9306143134497598,2.615593739391816,0.4245220359475408,-0.34334104988460057
-1.5927677893698116,0,0.47124905889535373,1.3345981127980808,0.7132246805240436,-2.5257344699443705,0.5847100236092273,-1.8643495370060266,2.0374647609480743,3.197311966029025
1.109391127599138,0,-0.4493232814769912,-2.5294714694650144,-1.5403504017601264,-0.49299443964164635,-2.12411777297746,-0.7380716494343923,-0.9202192067842692,0.07154725067959511
0.05466900867192903,0,-2.17190911266244,-0.5890552182341773,2.14712373882655,-3.194970326250549,-3.0344139758521687,-2.1317568013697112,-0.7944818858096903,2.5446324520704224
1.6363930308736436,1,-2.321324771461504,0.7184799729575477,0.9052092094104076,-3.338558387555116,-2.269500059650626,-4.598895667436854,3.5983629074575805,1.66331145749427
-1.2373431685233474,0,-1.1425718231286863,-1.9597909595745566,-0.9918803710598116,-2.406781100552269,-0.7503907360690976,1.2228094001009722,0.8671427021405756,-2.9510056677357195
-1.0398088689790568,1,0.5740252134624002,-1.0931141684501315,0.15809198128964486,-1.0054119269483777,-2.2884827573676763,-2.1418589657739986,1.4791113575590005,1.4492609753624153
0.22487432037151778,1,-1.1475274564196094,-2.819051332313975,-0.1458667287364812,0.70381888195382,-1.9425522882381807,-1.5784173859394386,0.04002971575007941,-0.9709512389680648
-1.9740536306142125,1,-3.224009491041885,1.5145432942687416,-0.21832375452406638,-2.845029495762805,-0.1771136544220473,-0.4805352617508917,3.527566797040602,-0.29541359288004165
-1.0668632225252304,1,-2.3283605282284294,-0.7388046943690353,0.9872932303856227,1.219260023415683,1.0421804420475036,-0.3380517495888462,-0.3186053223378149,-1.4256541386180555
-1.0662329806323432,0,0.5753881045505412,0.903735500880108,-2.152279067954005,-1.7156754612168346,-1.6923876825017214,0.28650645067405534,-1.3842750923139642,0.6119462103354762
0.3114535040999309,0,3.260007860778032,0.034031144527141066,-3.1741754721247517,1.419664285019116,0.7832175236268522,-0.9696312667468474,0.2742213506391422,2.5311365325701205
-0.962861838877161,0,5.931936660795248,-1.0394623740572138,-0.320672065050448,3.193319332602795,-1.237152725102313,0.26542578121165805,-0.6787145784692201,5.58281675253588
0.009211969502775696,1,-2.685534920175847,-3.1077328804523967,2.699087811302971,1.334677520893699,-1.4288032142340505,-2.3614726438897913,-0.4401892325697898,-0.6732924089151782
-0.49899927260540156,1,1.0041216256321959,-1.2781064572526857,3.8544843830610103,-0.34296772993373903,-1.9072646501095138,-1.6464387066315158,-0.28161891976227826,3.6077552323843625
0.22751188774450037,1,-2.9641985604517704,-1.9398060844698328,0.7943011691952302,-0.6543845713556204,1.548475860542439,-0.48585361458740506,-0.8255722611088583,0.3122388286383788
-1.2234649311886883,1,-1.9627054919093265,-0.15131899229215406,2.740861268976286,-0.8277494293359322,0.3005170911286603,-0.9157979262900406,1.0291933213597115,0.7998649907203678
-1.4809654582839051,0,-0.13268982667011797,0.8456285187923636,-0.9965418596683855,-2.9595225859191334,-1.0705602970783377,-1.771520029268748,0.8106754082612009,1.0174796992532364
-1.6201241080072482,1,2.6271196562484014,1.3739070405442835,3.44038887189529,1.219582106646342,-0.4424901289821167,-0.6411320722008812,0.5018885102357643,3.5077497233906714
-2.658742386093823,0,-0.5829739696314313,0.27947818817758185,-2.456077039568114,-2.9062058493497287,-2.117628285789338,-0.6348922126212606,1.4295154591423818,-1.8545556385478403
0.4772729427885032,0,1.8747410406311449,-4.272364130634244,-1.4534041153864599,3.08873890279878,-2.609498772228476,-0.44420470429179604,1.1664310713608412,0.8133306624353838
-3.605145642793915,0,2.06327495744851,6.120938445864669,0.05130968734826036,-1.7143464271229747,-1.6213309343638038,-1.065480923204695,0.05622308211984073,5.569093971384995
0.9234437816543768,1,1.215156667621256,3.230787010848341,0.6579918736749208,-1.30644962181443,-1.1457143353770847,-1.9524304811573456,2.7987754384108747,3.3732616707789
-0.5477247582176121,1,0.17060946041179204,-1.4859105917007844,-0.5002059021348553,-0.35019190317274607,-1.6187001647872945,-1.9127263509302537,0.4916408345245932,0.5974750783030482
-0.05581504209471455,0,0.5828931389972448,-3.545378627977551,-0.5995239167373521,-3.933307407722518,0.13517926438312378,-2.421512208596689,0.7011189324504179,-0.9694150755137341
0.9055405914362087,0,0.4823529888803326,-4.619650344545373,-0.6953699927964988,1.320744125149385,-3.7140280553027574,-0.5058309186461387,-0.5442053723887579,0.628050716027665
-1.2016955880068263,1,-3.0659581440656196,-1.1293968379089505,2.510667177589349,0.7129649649873793,1.055484381025233,-0.0011883844412113875,0.9002124399504315,-1.0445846758513362
0.8583809347273883,0,1.2719984123129575,-2.340947094342594,0.11318231938554701,-1.1100203995743512,0.9045374277005085,-3.9161851825887584,2.1403128286895177,2.1166182629201957
0.04288522553086649,1,0.38243111104001914,0.21055333463833792,1.891258914942881,-1.5579350972471193,-1.6372939331384906,-1.8144833002513554,1.6032308872662,3.439605962870127
-0.9886263948957255,1,-2.638547252268913,0.5493317229643546,-0.6372745592415288,-1.551787676890208,1.4198170411199569,0.6530700512259735,2.6660901033744215,-0.54147798793442
-0.9369416562490387,1,1.778575871580792,-0.755084044941938,3.4087880404947324,1.771607184083325,-2.940358741124183,-3.8826251122376574,0.6328160256621815,1.0415198170336954
0.5177019097006967,0,2.0621222079351136,-2.892634901261526,-3.6535965696602903,0.20326086201390337,-0.7747787253832796,-0.1707668691550449,-0.6470131109148567,-0.7651419072348893
0.11989895179317789,0,-1.6865256990401036,1.4507381006942106,-3.3239271416536518,-4.328133960628271,-2.4920847771858328,-1.6623040544966643,-3.195244690311691,-1.6962974858277153
-3.1545215343155966,1,-1.6515264661449893,0.4395180431905672,4.839748410939203,-2.2414519349523037,-1.136926821925279,0.25672888393229254,1.68069894088273,2.655844556746575
-0.9963433188389859,0,2.760488256940053,-3.225708069560019,0.007903808394962075,0.6417041709990587,0.5011942782925036,-1.7809462904953413,3.6330291706355853,1.1382261916846947
-3.12366468286414,1,0.8121681446554967,-2.972464830989067,3.1825492480239816,-0.7147838457969763,-4.17413386449782,-0.9438627872667087,0.43424052285205994,1.7707419741117887
-3.44305164747667,1,2.9680578998854803,-1.688423704289859,1.8436749630541351,2.4161931894894706,-2.256706277896929,-1.9226790659812816,-0.2845152356945122,-0.20771955960710775
-2.4786234018210918,1,-0.33388330009789047,-2.1739500963892744,0.9192725412113452,-4.6143563000319014,-5.304513672896259,-3.2575883975684183,1.7049898064349915,2.3299820946080225
-0.15089032188259077,0,-0.4767376324991055,-1.704057552625126,-5.298833956924696,-1.0259446278327935,-2.7631867100896716,0.6876913793145953,-1.4120112137481975,-3.3402094480056386
0.344880469232719,0,1.690317104147848,-1.5116987181012762,0.2109623713670179,0.4236484905838802,1.0869187362039123,-1.1832048177997994,1.5546862622046618,3.908191733728621
-1.3973289391854256,1,1.2609189568369583,-3.401808109462591,1.837772349792032,1.628602609365513,-2.933519985905747,-2.252366834743151,1.082975934617981,0.8559580982647121
-2.6732754290058773,1,-3.1594360826534174,-1.287753023388328,2.027390364886461,-1.454472979096309,-1.1526948329074422,-1.753084020952708,-0.29591346769982296,-0.42886382475470364
-2.3271793071909466,0,3.086802865724621,1.8077636499211005,-0.7598667939134449,0.493839386451127,-0.18978467124952292,-0.7415060293776521,1.7887579809918843,2.808463261236072
1.7885359491369117,0,-1.457048161471835,-4.1895205042500585,-0.1941356308581168,-0.022245940943880882,-3.334109732143845,-0.8955219209835459,-0.8074445933022929,-1.0433996585933132
-1.5618815842306546,0,-2.741806838318641,-2.514599138159608,0.9502905122236236,-1.2287824731572896,-0.9612959359717557,0.28610849678198536,4.26987534548368,-2.4716099378061642
-0.47797456733859933,0,-1.1746438419363363,-1.5083960849479092,-0.07358008800416249,1.293428991808962,1.3980705620082152,1.3000377352890506,4.0038689358288035,-0.8088184454682055
-3.0614205352731427,0,0.21645729124053914,4.608686609391533,-3.5125716836546235,-5.427309728445391,-0.5672250293237482,0.5104157355497829,-2.1100146463813694,-1.5277520937396267
-1.655776608590631,1,-0.9017595014679638,-4.4661082825779825,0.7378890955518264,3.8094114011389015,-2.1010450085365378,-3.924431150580028,-0.5287348818135902,-3.4182999694789284
2.56080046021583,0,2.0456444883997156,-6.018637628822474,0.9865009099617754,1.5669332869874406,0.9802399361448155,-2.953375832105219,1.942031734583729,2.200366004214031
0.7710676524747051,0,0.20368628704111835,-1.5513822789679597,3.092480220467011,1.3038815724642698,-3.4655713734683813,-0.2531052259401759,-1.4927722842331113,3.8121895303218816
-3.337105433684232,1,-2.8587451731238955,-3.341508226592883,4.999309898680117,-1.1882015661281935,0.7759405293494444,2.698551989851198,1.8227004196298326,1.1555201346563122
1.5871585935096544,0,-3.765607388518723,-3.3437393965632127,-2.7436745173398878,-5.310560300305044,-1.5336359922863472,-0.9793336369195281,-1.9490296855608573,-5.397876292980263
-5.432554219655273,1,1.5910611287343217,-1.3290222035510622,4.862265385371444,0.5586163922171099,-1.0899915041267054,1.4626747682596237,-0.11553911809933526,1.7895066600189242
-0.7719474037738614,0,3.814448084396193,3.3585213350945367,0.7356987170116942,-2.1750947692624933,-0.6020992334595621,-2.4995363415460563,-2.9457323896916194,7.619840598184993
-1.743253714112608,1,0.3845976222143479,-1.3642188336645904,2.066053091933086,-1.70609803975041,-1.7923511512670074,-0.7124922416321924,1.0714406573529054,2.3810000148905095
1.9314963437190436,0,-0.3321046688026372,-0.08832291923099922,0.024493581658604935,-0.4719698431074417,0.09298655283789947,-0.5536281153049586,-1.6791911709058658,2.1437868081487217
-2.045130266226361,1,-1.5213768256113003,-1.6351869296600519,2.1172260526432476,1.7502597901857078,0.26012605618527673,-3.188881243803541,-0.00016602970928802918,-2.0664962739013664
-0.13626208032130327,1,-1.486416983339406,-4.180093314865875,0.9008988155988067,-3.1993769292541985,-2.943528704189255,-2.2228870138622936,0.6305604938689735,2.008101629317305
0.22048885515144767,1,-3.3137108401813777,-1.9594504542804991,-0.09598400776518368,-1.1786778406882903,-0.3188659328830764,-2.6655952111390784,1.298866665694594,-1.321165811138099
-1.5363721346429364,1,-3.1732783749028783,2.8398612385869817,-0.5184794374528872,-1.7034903931397,-3.3646739110583157,-4.754302759644386,4.584514271065973,-2.479633755595173
-2.224418692645162,0,2.551207398161063,-1.0129650060026079,-2.467474764848132,2.251848686146099,-1.16399903605469,0.8616096922537775,2.6765763331673025,-0.6599893870434701
1.6367549676993653,1,-1.6883105824314413,-1.1860958138196114,-2.1416123367189943,-1.2709838406096925,0.002570680316162921,-3.203097606345348,2.814021413677861,-0.7251818790417823
-0.3947104042021362,0,-1.5959466166720717,-0.7002812701054384,-0.41880846994270204,-4.0282330415287735,-2.31348930241054,-2.14817539493254,-0.5412827625747472,1.3392933784826035
-0.7672679162666112,0,3.039107407842012,1.2602541839591348,1.8367675126001313,2.8784971206331855,0.9971494108062628,-2.259560862888704,3.702810936321673,7.093646735484348
0.19559838444024757,0,-0.1802683178677582,-2.017277783157241,-3.3322939346080633,0.8157390118495944,0.21908720022877537,1.3366268383537454,1.3486944205003415,-3.201264874240655
-0.9053968920990235,0,-2.298944201548972,-1.4975657962756925,1.8475057719347587,-1.1368244503315164,-0.6538819020409876,0.21790445984853757,2.6943983934763134,0.5139965141021067
3.7477193557945343,1,-2.7941094868927134,-1.4452267597457693,-2.7653212486127643,-0.8904483073829162,1.331426147082913,-0.37161979115379706,-0.2832799535407333,1.0419517326911683
0.205617634219029,0,-1.2249715252523958,0.42102337823812475,-1.913408040223453,-4.3056685826923,1.0294396517124031,-0.5361919023955213,-1.2467626461792523,-1.1843988291203211
-1.9787218931029147,0,0.05721178615766953,2.6436703273913387,-2.8057424268024866,-0.998151244721647,-1.161982689333991,0.345796065050727,0.7674384662951841,0.8522314880302583
-1.2046890854876706,0,-0.9511863981145767,-5.164095672346469,1.4406463743715032,-4.102024855449921,-0.22906332884977987,-4.101493724176791,4.955506010811349,-0.10280287115993803
-3.6341817687870717,1,1.103313201526885,3.1462153566090905,-0.27086804062771774,1.0371382264760811,-1.7936242969653267,2.2473762670058797,1.9260879585401276,1.1288271596567059
-0.3751035458505515,0,-1.565294749860895,-1.9682350342692438,-0.639320005231358,-3.6493640908313476,-0.3097823569552405,-0.8916011774819301,0.9348281401179721,-2.1424835537659654
2.6612555736352763,0,4.119893021950906,-4.435546528309736,-0.7946797323902581,2.357463952314421,-2.75646721454378,-2.9586097329869654,-2.7199658107946845,4.403661625230657
-1.257755948363586,0,0.737842575000018,-2.594394577377458,0.1082766192673863,2.017367116834458,-1.520420233911814,0.3920509121174818,3.2582916218165003,0.40653503082907716
-0.301408278856785,1,1.700464024739571,-1.155192531990184,-0.624381101233068,-3.766102869706958,-4.546698947937438,-1.8449336126044704,1.4703022890295876,4.195059443909015
-0.6164738590529726,1,-0.47188291758659073,0.24420222242812817,-0.07821427924141844,-2.953398179272443,-0.7284266661338817,-1.5088235199300135,1.8590986889783958,1.8261381743301386
-1.9506028578657877,1,0.5887033771465386,0.07116813982427184,-0.6150197531529034,-3.3016403867195603,-4.950296610928229,-3.562907284570907,0.9213155654351262,2.3155375287882567
1.3000181309764591,1,0.5390510855500923,-2.3411296052447685,3.1306402041490475,1.7987218394630689,-1.4100018693024183,-2.710915498525851,-0.3135842328608527,2.637066841457923
-0.7341988820840686,1,-0.810044800898596,0.27968305932394855,1.4952132415246018,0.39535121876972124,-0.25148329090438015,-0.8111705443412327,1.4403007267290424,-0.20349701697494593
-1.7487107377444904,0,3.2601374637096003,-0.7027965263574436,-2.0347529456755415,0.597769673443985,-2.654749404533302,-1.8325278337962356,0.7869452780347497,3.112911518866414
-0.97941057536586,1,0.14694463381700062,-1.540940125933475,1.138231914652202,-2.9487205521006423,-0.5612003381303714,-0.43866287032231166,0.20317953625053098,3.3553120584460334
0.38352795334860845,0,2.2174842968724597,-3.621489327529414,-2.005317019346977,3.726453199849443,-2.4916529268857346,0.34899520562692965,0.866406981930401,1.8108846150283677
0.19712976312942176,1,-3.4425574449771372,-1.7228954214581471,2.958823014796432,2.3978585687565097,-0.49890928969623527,-2.1945131752293787,-1.2197292347761004,-2.588592816917532
-0.952373238878832,1,2.6933827986296883,-4.170985116452357,1.4392544628681019,1.4869839609942663,-6.534146965904387,-6.595822874425968,0.6055369943314728,0.10898904256779529
0.2959859116072463,0,4.511303984232001,2.967276406358742,3.480155507943068,-2.7330591134766644,0.31474415999645533,-5.02346164886857,-2.833447823002061,10.412585017853328
-1.8240127154807477,1,1.8207747677602293,-0.37152984192291805,2.1391450705516846,1.3396418317405936,-1.0714048738072453,-0.7571085861565584,0.7545362334969588,2.3474134526524524
-3.750886259080561,1,0.8782315499611246,0.10718131674605957,-0.03422315241658769,-4.634543386120601,-3.2183908994590875,-0.7046772550373698,3.318720717497757,2.766914226184541
1.4436540012791936,1,-1.7263214780320975,-1.3160242800089894,0.1298992991150132,2.150984063617134,-2.1931469370611385,-3.736653199231465,1.453664464931672,-1.9838171483720282
-0.8392901489931337,1,2.0573458237795172,-0.8050722368092678,2.0339417681553895,-1.4846769263925228,-0.505703413819198,-0.7911072111461682,0.2573299440638719,4.358832743720218
-1.1178723156700745,1,0.3247443250299329,-2.1993250494085803,2.1733025522472973,3.560841702736373,-0.3235625709390729,-2.1494739746038247,-0.844872328807571,-0.4952091348060783
-3.0007607740745588,0,0.5347452766569659,0.8682150749624797,2.4013685360014776,-2.3844189556562334,-3.032055551327449,-1.448093801644065,1.07727834510488,3.737107760301632
-0.26382828917214196,0,2.3326519733479856,-2.792977695447087,-0.03601996633699667,-1.5754008434267208,-3.8460610388553826,-1.5732764123406797,-2.841835608498574,2.4076387816310203
2.1905685269241313,0,2.7654112021494552,-4.037418736653198,0.7503530765060158,-1.169362783193741,-0.8301000385275354,-2.3151065791789023,-3.0952775531402663,3.248930350741621
-0.39918040722918546,1,-4.473804295202175,-0.0960678206632406,-0.6049971087510702,-3.429096492578106,-2.3851076321207616,-4.186440853206017,3.9508985943382,-1.3630693589957836
-3.047062163159946,0,-0.7654768024391156,-0.14974376893148755,-1.0940568243546547,-2.3785689377604835,-0.280910425869198,1.5807483992359845,2.414087431892654,-1.9933035423440755
-0.3752613937625664,0,0.40077157937446806,-2.602542519990697,-2.1028343805044774,-2.952773625199717,-3.8960335923630156,-1.4448872491572944,-2.3925570962213065,-1.6583478883136205
2.441380443982434,1,-2.0072893521273594,0.22166844994034296,1.5335158432986726,-1.7170393046354353,2.22702516384921,0.8835745603658038,0.4103089556501738,3.724133803517191
-3.46167224595328,0,1.1697305169227858,-1.0196359025016477,-0.6264489634489165,-2.3192170854843246,-3.624256256524626,-0.007736723318731653,0.6448160526403488,-0.47444590713513013
-1.1736932721253377,1,-3.080136548327784,-0.7642769415796652,2.2677817807700373,-0.09690630081819807,-0.4664033856635059,1.1973776283600017,-0.05294656303480094,-0.3141956261883214
1.7065861822462907,1,0.42604506724167734,-3.397464792799879,1.2956729301018806,0.10093789435020861,0.4467615401452312,-0.6076332554507163,0.801434272321933,2.5588431856919756
-1.6255964054219247,0,2.4974800474331365,1.8101695402756168,2.3179243414588124,-2.93392938856013,-3.0126885451979857,-4.058801825807126,-1.3171610363348112,7.026817589769096
0.2285791981744696,0,0.6328189832625907,-1.4246895036667016,1.0529126861730886,-0.40309610413728825,0.6806100633511929,0.1263545465123539,0.6009232458524763,2.0562635299789846
-3.0083894955145576,1,-2.0811348713881426,-1.8545218473228853,3.7498666648868157,-2.489461965163604,-2.3441960491168987,-1.4501983557752227,0.10550340645053136,1.39500308453706
-1.7225336892465837,0,2.133577034936492,-2.634164408805154,3.311689082420406,-0.30023381080622813,-3.0172703675987433,-3.5754837790641716,2.7655335443394957,6.131115176231637
-2.796755110012977,0,0.11588909178124707,0.08398205178115603,-0.9730268531089774,-1.640120519669383,-3.797558638199961,0.9879488529191889,-0.2574737933187723,-0.685740080682578
-1.28607025020333,0,0.054680492919398915,-2.3801408255906766,-1.4348865940874829,-0.5110766268354955,0.6183391040091522,0.3069535620566586,3.5687729562385115,-1.3770330390881234
1.3852513493049323,1,-2.554619066477085,1.0310468456631598,0.7529946386424873,-0.5577688570445721,-0.5305936157858142,-1.6918619121632146,0.8054898862025095,-0.5927993464004504
-0.1570393212799237,0,-0.44028367199620266,-1.6371615008623133,-0.9780014431950037,-1.5475199247175189,-4.944488720401511,0.043872885062754996,-3.0740727766221694,1.2474502208113398
-0.8950352395539267,0,-0.3654285457569093,1.346603457323782,-0.885124255179633,-1.0219819387459845,-4.665230042388609,-0.7128572278161509,-2.1606669587075884,3.053677461666852
-2.375917066320423,0,-1.525696619634139,-2.928524071702377,-1.6510242954012835,-4.170209955985124,-1.8776201040167402,-1.4045813848706508,2.827893631788929,-2.914506628378859
-1.9170489708155496,0,3.4890267739957666,-2.6253068472320056,-1.4032344731708681,0.9516532851952908,-2.330089534756297,-2.133886676868653,2.342426497485234,2.1485680125885374
-3.7780219161260566,1,1.8871387889019342,-3.0157677103467395,2.3901144232429896,-1.2025457706342442,-2.4505761174017593,0.8163475034132621,0.3019821457972077,2.6929655023921155
0.23463350269826222,0,1.3113630414774464,-1.713264282374388,1.9142333896736714,-1.296406443343816,0.03383470140281508,-1.9561885202511793,0.48910426425962883,2.6813637397104944
-2.7323530855742937,1,1.1893557744736363,-1.5905655161954169,3.1568599961171024,-3.6580511934262145,0.006591378563412853,1.2882470547368778,0.4199332836947516,5.351175702745602
-3.209811996097983,0,4.989293731861452,0.483406951347084,-3.7138451017601746,-1.4043408043612777,-2.14444763919194,-2.769253730681356,0.4525446659804183,3.6589043003654
-3.6674005269531005,0,2.944367735352067,2.203780502940562,-2.798108198829123,0.7648160293607194,-0.8790567572449526,-1.7711178332342477,4.1211934478785075,2.3721373362495317
-3.921886589457179,1,-0.10868149296910612,-3.5289174656177433,1.501266527519789,-2.5338679436654066,-3.5756163270655654,-0.8830187744777016,0.10249837093016934,1.9023770021319162
0.21695603549203502,1,-1.1606708039549252,0.49658890682658496,1.8363845791059585,-5.204584859870641,-1.7123408447266124,-0.5159610284876099,1.6913616562963818,5.257892469383405
-4.909919687885794,0,0.8369658247564312,-2.050560678805554,-2.5716702182734696,-0.7486917313328763,0.9352634410223089,-0.15590131049113054,8.594512067249642,-2.964826587275323
-0.24104721356908076,0,-0.6367620482022769,-4.434227654111112,1.497410094026912,-1.6646575331505669,-0.3836242646245671,-0.008567144131648718,1.8880447787782304,-0.33135954454951255
-0.006887843484334355,0,-0.03059140986882314,0.8220840664155293,-0.9630184268345515,-0.07586677075192405,-1.7440264878246916,-0.09173121825498343,-0.7182741870385709,0.7677102079333261
-0.8585450691721079,0,1.6287385764666638,2.103339497300552,-2.477086786681552,-2.012474961029901,-1.877806105380521,-1.5553377340398487,-2.0992080177616543,2.961847376137432
-3.077318955288281,0,5.574118919503931,3.067965310215179,-3.0438225162269803,-0.21244181646809446,0.6489684427542681,-1.074657115306651,0.7548727582556412,3.448178820570032
-2.437592319433932,0,2.433520770413017,-3.01325132284066,-0.9295632584310323,-2.4966746432709774,-1.9716264038026297,-1.6024542593464939,1.2552315282622257,0.46276739708500236
0.8442366340190919,0,-0.4530860952475604,-1.6902218832579003,-1.1470080228200328,1.6042829791178521,-1.1715248487434688,1.0273610465277527,0.4354084512858064,-0.21721117488008312
-2.8202414400192644,0,2.2711995595135424,-0.23130959882645308,-0.8871847428071093,-3.7968151042907503,-1.7124797523412107,-2.496262404808848,0.552652644845383,1.741588537515185
-0.6616160194884899,0,0.23803243805777807,1.405367910373207,0.4891428299587539,-3.5922408876061924,2.172921777007716,-3.5137929407872797,2.1766071131393305,3.1123195326482
-3.960941683747621,0,3.740010666671543,-0.6530352494572782,-1.5622361967917162,-0.37646010412277087,-0.725729139753291,-0.3635281339738947,3.1713706938589303,1.1696562227943288
-3.1079754151858374,0,4.9044315491477155,-1.084323648242584,-0.34094232514840295,-1.5426176630492967,-0.5960684475579558,-3.1813737178295605,2.4422005942547966,4.902006062614015
-3.4419356337336673,0,3.7747434983134815,-2.0187756943039394,-0.9654924269140912,-1.8797735199487926,-3.7782386033870567,-3.2073626434496734,1.5262761353757353,1.9671263069367049
-1.636240849602904,1,-0.8053946527826745,2.9757311819988956,0.39432778127137613,1.4568620114419457,0.7225690530607247,-0.07264411803796711,1.646003337471284,-0.715972977633146
-1.9170833170503554,0,2.3623323063948343,-2.0967288068030703,-1.7629233935543058,1.3964014029304823,-2.3989175189448844,-0.5638150337573073,2.2493236847835796,0.7441846089126615
-2.11055461174236,0,0.5716584492449712,1.423179674856454,-2.3978978636794155,-0.7427312991491084,-1.4039222996264193,-1.4547745273917365,2.141741081826315,0.889733363863833
1.8767440587430029,1,0.5672525967418334,-0.3127637696117542,-0.9100772336902019,-0.2782812516475086,0.1508853303162745,-1.306518860770441,0.3536602812599572,2.759108690766585
-1.1335213805153324,1,-3.350470124063094,2.8476858089692767,1.9808096416486323,-2.605123758448189,0.40092364008168313,0.8259502679455211,1.7354454738026168,0.8304296537987097
0.3197527758603449,0,-1.1538336761450485,-2.7374413530414152,0.6755444509261617,-3.389067214491791,-1.7044349024288932,-1.2530355876118082,-0.962494481045534,-0.22024684125991234
-0.5305818754033811,0,2.382593030856529,-1.5942552147327045,2.13045975099443,0.7067371154032767,-0.2439633167977392,-0.3852515326511752,0.9842842996435299,3.1436970698937174
1.9114257203926384,1,0.34382180307408805,-0.9079455096088986,0.9319090770749949,-1.170108431629623,-2.5053818967955648,-2.3129152698296647,2.2613316975735733,2.694916257404631
-0.6436051517501272,0,2.6652853965977883,-4.213301319434163,-1.6116311298534485,1.4761889575426905,-0.273224867286018,-1.948771165985004,3.845642073983067,1.5690741452463357
-1.6519203871287305,0,0.5136380283774165,0.017273693904120258,-0.26407348777577266,-3.74457364632232,0.7226929976272756,-1.6454678753523724,1.6235309937220166,1.0521043782359214
-2.0393434709826117,0,0.0997001473632676,-3.441983708985542,-1.7089345564224314,-1.527613501617167,-4.877236158235363,0.1409100694240546,-0.0093587077049464,-1.8851502789397814
0.15949617809069272,0,2.5279607857749244,-2.5206314030107935,1.348129693296348,-2.11670988148746,2.335986474258254,-3.1164392604349773,1.915299432504739,3.15032521706952
-1.797225970844654,1,1.0148529194843454,-3.6436375646139294,0.814844834432813,-2.2872606320048257,-1.4358555887849003,-1.121701287773345,-0.6910783088095034,3.4254474610782806
-2.2592405099111863,1,0.33953994439459656,-1.866781118512968,0.583918989451496,-0.9663356076603472,-3.0450946260736753,-2.136896895398446,1.1148293416781438,0.47196566230877257
0.7069011671347056,0,-0.8313137750203796,-2.0001816577532674,1.826157134335836,-3.1842134714912067,0.35073914635904524,-0.756951939137978,-0.5448328165280996,0.3752832091185526
1.3935544144425989,0,3.6870920916903986,-2.756473215606688,-1.0160650277179424,0.6306147812487815,-0.7600742773730556,-2.5681248612022967,-1.414949755365575,3.2469851563660677
-4.036820915334305,1,-0.9361901973780489,0.5090349346391774,2.155275231952229,-2.1896183004056624,-0.6182522673674327,1.4524307535217074,1.0763825325704919,1.565024363984612
-3.0928271502926994,0,3.189535605252604,0.592723240224982,-2.9040930558394185,0.8981912996216865,0.4955869470314689,-1.491608794241812,4.78998715211809,1.4864276290615979
-2.0200734361026353,1,-0.2548706805508498,-1.4884371150311504,0.9892782127520108,-2.6885949219392353,-0.38553382190536767,-0.7186727099884844,-1.086453333649446,3.4402330980054545
-1.2684924237180413,0,2.509488336114681,0.0010825644869449924,1.8102585150672619,0.9863641613019738,0.14961021409534947,-0.5665092257488199,2.0241343714636852,4.748505511694185
-0.06810402562707885,1,-1.912530078992528,-2.063950601530141,-0.38151684775461625,0.4052588447406864,-0.48182072748329174,-0.061970482625452905,-0.2612570694101959,-1.033032261457771
-1.3053430905155399,0,1.6856430463147696,-2.08557173166541,1.146359293777925,0.9373653911893158,-1.9069351238509575,-0.4583994064915816,1.7959483995803638,3.2320910402063796
-0.7678197486939048,0,3.2954714169120467,-1.0462163751857083,-1.773880982159077,1.4196717506887437,-2.134463586717146,-1.2652314709285881,0.21254954153732264,2.2976701837785676
0.23887834295851662,1,-0.690879386349856,-0.37263112677699906,0.7899616977834439,-4.205650627157737,-2.046844252780014,-0.4815989736848505,0.560737994414666,4.615342889225344
-2.5730705331416583,0,0.18869116836396105,1.4285916071148037,2.743273600220792,-3.6133174849801875,-1.513960055863174,0.06401768720496537,-0.24463678431589986,2.370026951162396
-1.5736685909900452,0,1.0393501552229178,-0.12413116161547355,2.7557036360968596,0.3059186020985405,-1.9043487298297663,-0.9130820939786092,1.8171423038050123,4.830040683268205
-0.5309830178985923,0,-0.5724698541647766,-1.053107702124855,-1.679918141454113,-0.5336647478091168,2.168823892495043,-1.341306345820735,4.76274851785837,0.5905281472959776
0.6089359434378772,0,-2.8784890477448344,-1.0209812246349528,-1.638053916793226,-2.2094233451511207,-2.8546519751379127,-0.34398982669422984,-1.1222591244886502,-0.8571416089869133
0.849307356744011,1,-1.58024047320417,-2.1973363875130962,-1.284300443587885,0.7423269507060573,0.05680062317911361,-1.3816910694786184,-1.8693939164833138,0.037920609339195055
0.9434418270304363,1,-3.802374096801283,-1.4875434403079337,-1.7669661998046657,-3.2051491420896774,-0.663382652982667,-1.8329149523933908,1.6772342335173167,-0.31664443186419833
-4.182907332427558,1,0.6848739668783255,-0.2747329981726918,1.2386000582091525,0.8962496085894627,-1.2631466019280917,-0.6042493220311567,-0.4718864063436672,-0.0549451027579857
-2.0522967133663306,1,-0.5432914456671832,-1.9038255845415046,5.30747029669431,-1.2858021329157014,-1.1454565842546516,0.15058145861103212,0.5823080350047196,3.266910314655895
-0.19644106366422986,0,0.49926124399393457,-2.068606897648637,0.26016411777769477,-0.24670506205475706,2.3995986107360254,0.12368308776668924,3.0151145308271885,0.7710931020399284
0.43008636407212975,1,-5.4729641506707924,-1.200301477597733,0.3703968719790942,-3.972227803122033,-0.20520203694625527,2.238968227496789,2.1437748257128866,0.5492218683624094
1.2292427296198558,1,-0.6720664400460753,0.6521654917762887,-1.5757987044771489,-1.3209026762011646,-1.4312715328642134,-4.75689268824442,3.763425864987824,0.6318956947226628
-3.134178737822233,1,-0.008048922421891591,-2.94654977320004,4.214317936148463,-1.5811943311436516,-2.627703877864367,-3.799586859423619,-1.1766653157638043,1.6812780751280696
-1.2184442288277366,1,-1.8836567193060456,1.0348443180664963,2.9126562792425505,2.48870380964493,0.7910478438414072,1.846740712231763,-0.4223673351979562,-0.5519686148617184
-3.8944215804340683,1,-0.7508058211841081,-0.4374217623242468,1.605870145083029,-1.602952540633874,-2.6685888963766837,-0.7067845990747762,0.8942501604713464,0.8436210971868348
-1.17759676468972,1,-2.1295346095594945,-0.7727394192552012,3.4250172343573424,0.17493940839913646,-1.2121063575778255,-0.0030383131638948013,0.8068156853530852,0.3179739465421241
-1.0132536320040177,0,0.37213501235420077,-1.041027922505355,-3.4788946891935555,-0.34009753503569895,-3.7770755288964395,-0.2927396610862888,-0.5889418483257514,-0.9742287114198604
1.3004784352337788,0,-2.319218739054854,-0.7412184687232344,2.319311622697156,-0.7942672893429019,-0.12436925098955143,-1.805221862508704,1.3543537382490893,1.836190585328951
-2.314794016733204,1,0.9677051210180971,-0.06440639556974093,2.098771280507741,-1.956235433363976,1.430335569144928,1.4142085790948697,0.8591453231188011,3.3301910321469324
-0.6866448061094664,1,0.9806018562307881,-1.1158859838280186,0.37638138675926913,-2.215241981095182,0.5781380936704759,1.1197820723847478,1.2280189886890114,4.190756035232457
-1.3185040739724925,1,0.032384877884588326,-3.269589759890986,0.33631906617065477,2.6492547981673673,-0.6314619532221993,-3.869013833797574,-1.6839286530310331,-1.848732097624688
0.8606356881769257,1,-1.5615068288899105,-1.78305607860592,-0.7952265586940257,-0.8842724658065239,-2.266538107072358,-2.994384496308994,2.550147908199535,-0.6871853942924699
-1.7681151103792612,0,0.9646868912039805,1.7429259310720182,-2.5139831201400704,0.42167859861162205,0.11384701658594398,1.5555030614915673,1.167832029359472,-0.6224348554461532
-0.10426456449475352,1,-4.997003147678182,-2.0342496859359978,1.5436545627213183,3.8894630752375354,4.785117021021196,1.2266704762933798,-0.10446362001541565,-4.046118818270456
2.1624162593181193,0,3.4739454600514534,-2.408629800206788,2.1809630590529334,3.3193199878987496,1.883581149809506,-2.3018260377071638,1.7998532279735509,7.059982226620844
1.8242928825090723,1,-0.8381752134857123,-2.4775132313071513,-2.400675333556319,-2.2299296171754595,-0.7058541309400554,1.0415460699580699,-0.16468250467833068,2.9017765947265888
1.7559745215840965,1,-2.4768915190459593,0.424023530778745,0.5001075046562009,-3.860985093964625,4.409511283482789,3.562280904214772,0.07840770717506607,4.999264179517457
-1.6028939592403195,0,2.6943956654552768,-2.297668154683244,-1.8944907392796033,0.9363910186062232,-1.5106710087665758,-1.3247512480877721,2.4424633019285307,0.9710597237799363
-3.4946656736159127,1,-1.1293103132658708,-1.5484616303702894,1.13512206152667,-2.0644288640894546,-0.14596105146278193,2.0313206847845358,0.7961761388492066,0.790344655722774
2.3689889552924006,1,-1.6588928388211146,0.5029669585600594,0.21201809739449495,-1.8281630357786285,0.4113301927661217,-1.7447760740403073,1.8137822369572947,2.2943362403321483
-0.2975312037894271,1,-1.100217422827148,-0.5642543784256655,-0.13511635465468652,-2.7309064842210304,-1.7035641759966484,-2.119936752067332,2.0420358796875786,1.04489556750562
1.7113360156422837,1,-3.117710179068847,-2.1302679317677438,3.218442513095085,2.47405982863691,3.347403307815587,0.05971038620550262,-2.8973169087902515,0.5506351678482032
-0.3986219263256069,1,-1.3091738761516463,-1.6957261249781466,3.5678290783700213,1.3899105711853088,-0.8231140080534658,-1.1790947914301892,1.5149658707245677,0.0334023539363022
-0.7532540466248574,0,2.9784653143676243,-3.767815786847551,1.9062808494558645,0.8279658129068581,-0.028574102405307555,-1.2525066702962886,2.5364912283095244,2.369502672204407
1.310083648335473,0,0.7759903496885725,-0.6980043113947965,-2.934228933633844,-1.2333750298656616,1.7310848581245182,-1.4491518949447686,-0.0035774771738026345,1.1151337913882413
-1.8897515196683594,1,1.5501333179150412,-3.3689156299583645,1.0494948792175054,2.0115571833356567,-3.4993009298117346,-2.0885525946304417,-0.35219423871001787,-0.17380042176352717
-2.220097134671178,0,0.5989854786916593,3.1012895779959413,-2.426330260122777,-3.07608344502757,0.7520938603380798,-0.22375992583872772,0.40813961044962876,0.9224370855399514
-0.3777558242834369,1,-2.8291663140553394,-2.2921036913675517,0.2764233370154918,-1.953690530384532,-3.650209940047136,-2.8237189230688666,1.3435779250473843,-0.4253152000598803
0.18305338404221883,0,-1.460840814994361,-0.5695327532706349,-2.809108486916359,-2.3760598070953116,4.618883819898526,0.5055692882617715,3.1283861800156854,-2.9562660368270373
-0.7084496049965049,1,3.3604718678934242,0.642742680845267,-0.5211850736669932,-2.145506635641935,-1.1710130052352907,0.1528151995582503,0.6716142245391267,5.162936565535026
-2.0008382451109674,1,-1.2193145162579209,-3.168340841145292,3.499944167811491,0.8586335564945546,-1.251369677380478,-1.5548421643765908,-1.80493013660428,0.04320925769035644
-1.2816809302344008,1,-1.4618335422291975,-2.3428009909955847,-1.9177262207649135,-2.752620418673695,-0.9981547074214753,-2.3436491653188227,1.8582992796754283,0.009366010654181078
-0.5722688982167539,1,0.29087859217843914,-1.3851946945483058,-0.2774625860512052,-2.6822102343101317,-3.9462310354595074,-4.570760247872881,1.4625929845298333,1.821697485943943
1.5648509243045443,1,-3.321439763530457,-0.8773779208695792,-2.668502402812459,-1.5600509770348827,-1.8919500260430473,-3.5789896374920036,3.104559160601236,-2.0578727151416474
-2.405624930745315,0,2.349966472824267,-1.5010516253497617,-1.4755899205302865,-0.5905824217456028,-1.6192725499534453,-2.018913705266068,2.9715243153588196,1.8838172531038349
-2.777917868532513,1,-1.5594599262694935,2.785445542216256,1.9578601062907837,-1.8761767015397004,-0.43372880227817046,-0.12121610062166666,1.2062398576477882,1.1204403960922722
0.31704020645099806,0,1.2360794655299538,-3.630635572578741,-3.1939255183741753,2.3731680390104373,-0.08840151934748208,-0.6236195498815829,3.0156313330797992,-1.465150699754659
-1.9199413169357993,0,4.267231113108263,-3.23244647030917,-1.0040639860740337,-1.455932641299433,-3.1471092508281835,-2.630745376926791,-0.2928230766996671,2.042408841809052
-2.8913740925107225,1,-1.9245272504061024,-0.8124035780259126,2.225107967917273,-1.0422330108167062,-2.2650239605701508,-0.88398294231352,1.6984093161462672,0.30090631176265203
-1.0548298697215301,1,0.3438096641967614,1.8120938248765759,-3.431418201600211,-4.282526728081462,-4.766461616226696,-2.277690965464192,4.466514072524117,1.4569448964372282
-3.130526546171045,1,-3.2403061574723333,-0.8028306760380618,3.985473906941583,-0.4236312388014787,1.807680570276443,2.4687780920485336,0.17302245333940203,0.3266287147845939
-1.0092730553626552,1,2.222459397382864,-2.255245984030003,0.6754521307167061,1.410986545339127,-2.0195494205192386,-0.7523267202941061,-0.7350290768643346,1.5600574364565511
-2.6623864927227547,0,0.8923722177254904,0.5163804748046437,0.46593445824019675,0.3135064822557574,-1.0676341107564404,1.5013335759237423,2.194269523967432,0.7147981208146728
0.4718100078698553,1,-2.199438545880886,0.5457802518604224,-0.05988624376097196,-5.633851772789194,-1.2643063072039276,-2.826273371243448,0.5936721738991034,3.312769654239846
-2.77492388263066,1,-1.7550626771412299,-5.351631553096934,-1.5243719457934284,-4.875151811714207,-1.7522889644569515,-2.1941695053637718,1.0219565594963562,0.5360520489479335
-1.0312331620759618,1,-3.32797127525122,-2.981007739006052,0.833018842235412,0.18746397518100055,0.5921217196493633,-1.7082320060824605,0.015811967393905557,-1.1008987476404797
0.4137172957267572,0,1.9907917678805473,-1.9855828875232429,-0.9306047040456811,0.07300265075333123,-2.4262813595602335,-2.264229741828705,-0.8522571230426876,2.781321830262616
-2.6322457942364115,0,4.191799722267646,0.35996994701843654,1.3936466408284347,-0.8098400464902589,-4.947997335776478,-2.0908456822398236,-1.785495902932655,5.746875065129124
-0.287159926584422,0,0.7989433518153128,-2.6836278315403037,-2.7859552132796406,-3.4837976694398005,-2.099772337809921,-2.924308713623909,-0.6601853100398576,-0.40677359220263654
0.5256118289610909,0,-0.501794417137124,-3.45898771377627,1.4303148838912394,-0.8155114169820064,-3.172387071960012,-2.9645619698485492,0.8819583117692217,2.668120209167408
-3.553302942063613,1,-1.5167097883210925,0.3454019967678392,1.5665233498267657,-1.4615854564617177,-0.1587636686909858,-1.256343415868591,1.5768190947739797,-0.3574458051545719
-2.8021795153461344,0,1.6183759687253405,-2.1170990127219307,-1.8511431177049227,-1.455584541392272,-1.1350295942528903,-1.2961118893771097,3.4968810240310955,-1.2735155089925323
1.0282017074931602,1,-0.563866968216193,-1.296878895377433,2.0207399821202596,-2.805584353164222,-1.888508037830119,-0.11856575666178959,1.8660619473252151,3.9628509284408255
-0.7672469633711863,1,-1.322446779579554,-0.8802591387122283,-0.4190337523116183,-0.2706622686394753,0.6670307340483963,0.03167338408634124,2.4439057953510073,-0.2356889415555945
0.5846461478948597,1,-0.4105763507106881,-1.5494125931603588,2.9899043458936756,0.2991631758283584,-1.2001024679540069,-1.3165735471750977,1.5026066514416185,1.5900144941124144
-3.2129539634890194,1,0.2547406955545628,-0.573049710488165,1.9291259997967476,0.4846619986870966,0.40794588114865027,0.791231924870327,0.378475137504682,1.4579828818105711
2.150252512204515,1,-3.1561564833394438,-0.2727916133430368,-0.2467483067455758,-3.068363847135206,0.987037808172758,1.3843752749852558,-0.8325383513308258,2.996325653184799
-1.0183632921250025,0,0.884625000279147,0.524177630609918,-3.846373461104799,-1.8402050889825112,0.3311075255318263,-1.2160594038858945,1.0223692452935935,-0.6282715618642232
-3.3680561505005064,1,-2.4467154505061464,-3.979673799609269,0.7590055844200012,1.0306934577388702,-1.359840794545561,-1.390265989664887,-1.901113181665691,-2.626721642166033
-0.55565133583785,1,-1.0571078612097575,-2.3570063010759954,0.7847735428048868,0.433182704210616,-2.7536879334720514,-3.373185017887413,2.3766038444095274,-1.2243072670787973
-0.5340882110172079,0,1.5473379072036821,0.7365537275051222,0.03747867030452845,-2.039305193417267,-0.5780236924956008,-1.8104971259072142,-0.7947606695343272,3.2609937447399453
-2.9595626304882443,1,0.4534904770919881,-3.549690514124895,0.09744976917668857,-0.8458180607446883,-0.848906484569534,-0.6333553721210049,0.10534640136691265,1.8851862185409693
0.479381723913046,1,1.4859077702095944,-2.8526794080679556,-0.3190457769276478,3.3373347355713276,-2.9119697565573803,-5.257286105764108,1.7296217915684773,-1.8225689189284409
-0.49112889085762435,0,3.2354695740711454,-0.18219101857587838,-0.609037441713304,1.17548723243458,-0.29916594440373523,-2.4536260076694436,1.4572232842779012,3.782673037887087
0.14302107806588915,0,-0.1328108598156288,3.1937755322839454,-3.0229927222219826,-0.7747742214328615,0.14627975192130305,0.7140861617070502,-1.597153934709239,0.3559633649073517
-1.7372305051664187,0,2.1887266083131607,1.6173400836203062,-1.2243682354616854,-0.6100156477381788,3.074459569228156,0.6524920960789073,2.2262470457328787,0.3228001455677576
0.8423858692180866,1,-2.2698491881815963,-0.17247782218131613,2.660681342276235,0.1026067699506581,0.888956929669455,-0.17317611224494556,0.6995407417628439,1.5084295986944745
-2.0858843959153064,1,-3.037276199734222,0.3334337284857509,1.455023563855846,-0.9223150911935782,2.424425502028316,1.8349649155761467,1.0695226367454904,0.07448596658354467
-1.8954133989722404,0,-0.3301926566765583,-1.3402971622348037,-0.26310804905555185,-0.4562804747914577,-4.656415505998844,-0.16554978680114774,0.596963998431475,0.8810128741229001
-1.3720032985251682,0,1.2173607777495556,-1.1452540516619045,0.5747330147080563,0.23257878041415303,-0.8313540352851463,-0.9277068586298389,2.6126155302310385,2.5190881595977688
0.20321855963097635,0,3.937882976989566,1.4903077110317304,-3.76423491415078,0.3956908176289491,-0.21041623149949995,-2.037814992835836,-1.8276176079591804,4.288776149517675
-1.1473695257558785,0,-2.4736975627444133,2.2327114693190246,-2.168781429057173,-4.210715175103099,-3.0376024441734613,-0.6139477564085187,-1.8011934562538738,-0.26404966920747386
-0.3387867261052878,0,1.4916855780398872,-0.9480707441696704,1.4712221123321836,-1.2413789934456252,2.620973890103555,-1.588244984951082,2.539646200055181,2.0526749690264294
-0.32321606832096417,1,-1.5877892239292388,-1.2072236469927204,-1.5352547751275858,-0.2810962194558251,2.0877698245836362,0.17429960518433862,0.5955948867007995,0.3471465523633789
-0.07964283824465046,0,0.4664939599882225,-0.3852323260782724,-1.4323470520100903,1.9599905555063923,2.272987251091319,1.929685423346605,2.580197284310205,-0.8603906716388512
-4.366684370173999,1,-0.9174151792142218,-0.8789688906528802,1.3435633663045428,-4.421455640836039,-1.535328423428396,1.436111102280901,0.6451537860796948,1.6522732269382214
-0.4933220887493963,0,0.4745428489727991,-2.210185767900952,-3.5423217428244254,-1.0014617684686895,-0.13376907032548124,-1.4112863591719527,2.2410351535654014,-0.7114252322153058
-2.3009038449698407,0,-0.9108736102017947,-2.084361349732908,0.8792210991407223,-3.842371975661784,-1.2211463400660652,-2.5814258982419602,3.4547457955676975,-0.5676678214857436
-1.6648864753058668,1,0.3282978828529506,-1.055056493151285,1.0061906993125849,-1.948057578913739,-0.4106551492697843,-0.2535224944005726,-0.5575666528100915,3.19592654256773
2.5122503856941902,1,0.3812315496864851,-2.028686596738548,-1.7491763748148248,-1.1580357535397545,-0.145959275208286,-3.175508182833651,1.8032904987796785,2.3328991578780562
-2.3098383822790813,1,1.1005281108618248,-1.6344938507641134,3.5745129065755448,0.5972812818845359,-0.5234739503815122,-3.004982971148633,1.1211886824550392,1.1872230285536163
-5.215365710234143,0,2.60257195202043,3.0090289506274432,0.5110504045779389,-2.0611216634372402,-1.1003617314026473,-2.092575441473644,4.050771125194731,4.2043375966940335
-0.5006851608589414,0,0.36391817738467147,-2.7930155022090273,-1.3039183240785799,-1.5805229660384446,-2.702875146965103,-0.7139219656353173,-0.4070789419642289,-0.9954658849755162
0.503242679202643,0,1.503890708886797,0.4870570483243841,-0.34981971301479287,-0.25717140905984637,2.263777328612315,-0.8751327947215026,0.8331842268031996,2.1895447446837784
2.3074053681473137,0,-0.22018665831241613,-0.6693717974788507,0.5642124214781856,2.5385677838463385,-0.9793085726147026,0.9061161262389028,-1.6407330920229541,2.3407100622282195
-0.3561098378422074,0,3.6880407125401993,-1.0771764280438982,-0.810661900365887,0.40521209930458557,-1.3910063002399928,-3.9877906773254805,1.0437204439617798,5.155963704608848
0.6240199214667741,1,-3.552771627081743,-1.1587883166145203,1.33075266791686,1.1746878185735063,0.8764098157404121,-1.3655867513326314,0.5701764229857123,-1.8125654783060225
-2.336124011582408,1,-4.174916726306989,0.994196335537642,1.7465379649696207,-2.3734009000017693,1.767866991178368,0.16747347281948533,1.2104285708415292,-0.40843357280999704
-3.7593062382547897,1,-1.1175364951555244,-0.6923968265372283,0.1376288623180365,-3.6260712942587365,-1.4609862314943396,-0.8747495802905073,2.442758639949075,1.194261470714857
-1.3732494316365367,0,-0.9259900363318199,0.3437036174626018,-2.0287912334429983,-2.629483728293364,-1.6767945890115015,-2.7862650685445858,1.9803268525260989,0.38388282765458615
-1.1201819779373192,0,-0.7353804092514513,-0.9223466247090206,-2.300096295808168,-3.467708502950928,-2.645035688132506,-0.7533020640670065,-1.0782049255677033,-1.045002592875219
-2.1069516962787507,0,1.4551553739430698,0.30708625459011385,-2.4106209157955494,-1.8683752779037062,-2.3339474312032955,-2.173127518307448,0.865458676285808,1.1656931888097959
-2.448660927171956,1,-1.0077308967074092,-1.137054417348151,3.4901253768955893,0.9393884639326318,0.3312484427141449,0.49395709660721243,-1.8991450906984957,0.8939800684848482
-2.8838646422040264,1,-1.801384503486986,-2.1573956940029455,3.080497327120413,-0.4883851080299221,-2.064032200178477,-1.8412774407784283,-0.39671645489577,0.489063597755132
-0.5806797298496137,1,-3.8284094129194646,-1.9834335706082897,-1.1313294866766301,-1.6246791028328589,-1.1639366038594077,-1.4304221172652576,1.0770386955328124,-1.8299475452137508
-3.2844597177582173,1,-3.4911583578830916,-1.2131497595310676,2.1792182456224936,-1.8543736442369194,0.2679398568103555,2.4125232482817687,-0.13095149559354802,0.4209307189069732
-2.8760354105158172,0,1.2490112606523174,1.152252052116582,0.2645798159177366,-1.8480372217073844,-1.1500696769012424,-1.0591831155124765,2.0725171000448186,2.01186981726007
-1.8019007506967952,1,-1.201063577622199,-1.2863909975130126,0.5680104563225847,-0.3448119038072355,-1.009971938555572,-1.885846098002528,1.7321358679309795,-0.8846247399003246
1.5794698291640819,0,3.1545354572118223,-4.2802112153840595,0.03874947655975425,2.851085045440059,-3.0961930769095156,-2.2389526484585396,-0.6000828382861401,3.6060502510415287
0.8847652720545529,1,-4.330094161572951,-1.614814462334515,2.5049259089289224,-1.9661581612330639,-3.6378777831945666,-4.05350472040249,0.7393846410344456,-0.2801834261905214
-1.6184918358562896,1,-1.1234387516093127,-3.923756030005785,3.537273385107187,0.9498149161779244,-2.3244632752624415,-0.5724896803024766,1.9164495334471365,0.3191912757267439
0.5587215175904479,1,-1.696695265073887,0.43985709578103993,0.4429338577620503,-1.4367808324066194,-1.7592924663798941,-2.957886503079775,1.9009517265265738,0.8750830513389776
-3.991288590131254,1,-1.0287798950156435,-3.469863410309896,4.435060850870784,-1.102654662252434,-2.8997952663847633,-1.3337845622917595,1.0497650734667625,0.6411829585932589
0.16738109394915535,1,-2.86413530663845,-2.911381014880748,-1.8245676357822629,-1.7584036785883956,-0.9069198549943699,-1.9359322335936093,1.3115943640297318,-1.0791090294854158
-1.5048530179666941,0,-1.0056899763732807,1.6733118555746191,-1.8793966109706362,-3.153905131967745,-2.0211647724312822,0.31449839820361114,-1.2011107626618132,-0.7121960083314378
0.40964892476908377,1,-0.714157357734797,0.7689662792568097,-3.000458828760495,-0.36619974716044257,-3.708210489947282,-3.662828191259494,4.7552036490801655,-1.188493509196447
-0.9461412307216243,1,1.8608490022260398,-2.3458136553978806,2.776116371722287,0.32155655702408614,-3.7490749240105385,-3.6119242655771484,0.16827739408074838,1.9707337603232207
-4.841701102771029,1,1.059998370215629,-4.37056430336991,2.6576652473493816,0.9157842226011674,-3.8265547873597408,1.2897070224150462,0.6342675497571029,0.36163053510073906
0.6619208802930672,1,-5.515534576058512,0.9333813863591272,2.1895301395279545,-5.306435899371772,-2.1799587024493796,-2.4837863594207006,1.5348320749203737,1.089618338222862
2.192373580824946,1,0.4974916609517539,-1.404106021515928,-0.0378950057018983,1.7434996729080683,2.1132584585342338,-1.0765398973990037,0.6590893638052225,0.9023872096034059
0.7553353746783218,1,-0.5851144917712384,-1.475991276610793,1.2935181683794275,0.16313778226647369,-3.1015747641053855,-3.48760931215654,1.1240582936878731,1.4671113392545585
-2.62621510948558,0,3.3676486938180523,2.8664527925758296,1.3416217431675102,-2.1075504434555103,-0.013688286939884331,-0.8663935439311163,-0.3141031073324827,5.121408101037184
-0.2839712520958445,0,-0.19483085420891388,-1.1107193561450015,1.3046541544710903,-3.2361515657274977,-2.2592735116040243,-2.3605667004635125,-0.8718515611936934,2.265618862775633
0.08541015148148379,1,-1.9977858655868135,-1.1603031503148742,0.26442922287761084,-2.8125839904125334,-0.5338384903441906,-3.7417391261931114,2.0965360198237954,1.4266586809491535
4.547728685798374,1,-1.318827815123614,-0.25341043518752226,-0.9004879795181933,-2.5637765780539103,-1.2219212773336703,-2.5793920653725535,2.413977290256553,3.4405389168076272
0.317983126472956,1,-1.6709380973875927,-0.2696919504409082,-0.5507313881104108,1.051071167681854,1.0433917858871902,-0.09877952815849722,-0.05672050064483991,-0.7250924550843916
0.4528540071601088,1,-1.6390789801375774,0.2572582266823309,-0.4807518368571162,-1.3464638475734245,-1.3970441531292757,-0.5435301923611427,2.1794163772750372,1.6547209543507841
